DOI,no permission info,share sumitted,share accepted,share published
10.3368/jhr.55.1.0717.8928r,1,0,0,0
10.1016/j.jvb.2021.103646,0,0,1,0
10.1177/1094428106292895,0,0,1,0
10.1007/s10869-005-9009-y,0,0,1,0
10.25035/pad.2021.02.002,0,0,0,1
10.1364/oe.25.002178,0,0,0,1
10.1097/pts.0000000000000945,0,0,1,0
10.1016/j.nedt.2020.104689,0,0,1,0
10.1177/00220574211026908,0,0,1,0
10.1080/03057240.2022.2060196,0,0,1,0
10.1016/j.jct.2018.02.016,0,0,1,0
10.1016/j.jct.2018.06.017,0,0,1,0
10.1021/acs.jced.5b00892,0,1,0,0
10.1016/j.jct.2015.06.002,0,0,1,0
10.1021/acs.jced.5b00444,0,1,0,0
10.1016/j.jct.2004.12.011,0,0,1,0
10.1016/j.jct.2017.02.010,0,0,1,0
10.1016/j.jct.2015.09.005,0,0,1,0
10.1016/j.spl.2016.10.014,0,0,1,0
10.1142/s0219530520400047,0,0,1,0
10.3389/fams.2018.00063,0,0,0,1
10.1016/j.ymssp.2018.11.037,0,0,1,0
10.1016/j.acha.2019.06.002,0,0,1,0
10.1016/j.sigpro.2019.07.024,0,0,1,0
10.1177/15385132211067182,0,0,1,0
10.1016/j.landurbplan.2018.01.005,0,0,1,0
10.1080/09650792.2017.1286996,0,0,1,0
10.1186/s43031-019-0018-5,0,0,0,1
10.1080/07481187.2014.958627,0,0,1,0
10.1002/jts.21857,0,0,1,0
10.15640/jirfp.v7n1a4,1,0,0,0
10.17705/1cais.03909,1,0,0,0
10.1057/jit.2016.2,0,0,1,0
10.1057/jittc.2015.17,0,0,1,0
10.1353/atj.2023.0000,1,0,0,0
10.4236/ce.2012.32041,1,0,0,0
10.1177/1476718x10367562,0,0,1,0
10.1016/j.puhe.2019.04.011,0,0,1,0
10.1016/j.jelechem.2016.10.013,0,0,1,0
10.1016/j.jelechem.2016.09.045,0,0,1,0
10.3390/met13010078,0,0,0,1
10.1002/chem.202003479,0,0,1,0
10.3791/65065,0,0,1,0
10.1016/j.chroma.2015.10.060,0,0,1,0
10.1557/mrs.2017.298,0,0,1,0
10.3390/nano8030171,0,0,0,1
10.1039/c6ob02230h,0,0,1,0
10.3390/nano11010208,0,0,0,1
10.3390/coatings10100981,1,0,0,0
10.3390/separations9020044,0,0,0,1
10.1016/j.jddst.2020.101985,0,0,1,0
10.3390/coatings11121440,1,0,0,0
10.1039/d0cc03885g,0,0,1,0
10.3390/bios10010002,0,0,0,1
10.3390/pr7080513,0,0,0,1
10.3390/pr8010115,0,0,0,1
10.1039/c9cc08876h,0,0,1,0
10.1039/c8ob00477c,0,0,1,0
10.1016/j.sna.2020.112155,0,0,1,0
10.1021/acs.joc.7b02768,0,1,0,0
10.1177/1178626417748607,0,0,1,0
10.1002/ejoc.201801272,0,0,1,0
10.1016/j.carres.2021.108482,0,0,1,0
10.1002/chem.202201180,0,0,1,0
10.1016/j.jelechem.2022.116865,0,0,1,0
10.3390/coatings13020381,1,0,0,0
10.3390/app11157087,0,0,0,1
10.5840/tej201213132,1,0,0,0
10.1098/rsos.170005,0,0,0,1
10.1063/1.4961122,0,0,0,1
10.3389/fnetp.2021.734332,0,0,0,1
10.1098/rspb.2021.1111,0,0,1,0
10.1002/j.2334-4822.2013.tb00703.x,1,0,0,0
10.1097/opx.0000000000001597,0,0,1,0
10.1167/iovs.16-20663,0,0,0,1
10.3390/vision4010019,0,0,0,1
10.1177/0301006620929970,0,0,1,0
10.1002/ace.20430,0,0,1,0
10.1111/an.81,0,0,1,0
10.7205/milmed-d-13-00560,0,0,1,0
10.1353/tfr.2015.0122,1,0,0,0
10.1093/jahist/jar527,0,0,1,0
10.1353/khs.2011.0093,1,0,0,0
10.1177/0007650312438530,0,0,1,0
10.1007/s10551-014-2533-9,0,0,1,0
10.1080/10971475.2016.1179007,0,0,1,0
10.1186/s40589-016-0032-0,0,0,1,0
10.1111/cwe.12223,0,0,1,0
10.1108/mf-07-2014-0202,0,0,1,0
10.1016/j.intfin.2014.12.002,0,0,1,0
10.1016/j.iref.2020.10.012,0,0,1,0
10.1108/mf-04-2015-0125,0,0,1,0
10.1007/s11156-015-0537-x,0,0,1,0
10.1080/1540496x.2019.1600504,0,0,1,0
10.1080/10971475.2004.11033500,0,0,1,0
10.1080/10971475.2004.11033492,0,0,1,0
10.1016/j.iref.2019.12.002,0,0,1,0
10.1016/j.jbusres.2018.05.037,0,0,1,0
10.1016/j.iref.2018.08.023,0,0,1,0
10.1007/s11156-015-0548-7,0,0,1,0
10.1080/1540496x.2019.1579710,0,0,1,0
10.1016/j.pacfin.2019.01.010,0,0,1,0
10.1016/j.frl.2016.07.003,0,0,1,0
10.1016/j.iref.2019.03.006,0,0,1,0
10.1016/j.econmod.2018.09.013,0,0,1,0
10.1016/j.iref.2018.05.006,0,0,1,0
10.1016/j.pacfin.2018.04.006,0,0,1,0
10.1016/j.iref.2014.11.006,0,0,1,0
10.1016/j.pacfin.2015.09.001,0,0,1,0
10.1002/mde.3163,0,0,1,0
10.1007/s11156-019-00850-3,0,0,1,0
10.3390/mca27040060,0,0,0,1
10.1016/j.acha.2004.09.004,0,0,1,0
10.1177/0887403414543558,0,0,1,0
10.1097/ta.0000000000001783,0,0,1,0
10.5334/ohd.30,0,0,0,1
10.1177/0002716219892913,0,0,1,0
10.1016/j.apnu.2007.12.006,0,0,1,0
10.1016/j.pedn.2007.01.001,0,0,1,0
10.1016/j.tre.2005.11.001,0,0,1,0
10.1021/acs.analchem.3c02692,0,1,0,0
10.1080/13621025.2014.944775,0,0,1,0
10.1017/s1755048310000167,0,0,1,0
10.15406/aovs.2015.02.00046,1,0,0,0
10.1080/09500340600855452,0,0,1,0
10.1080/1097198x.2019.1567666,0,0,1,0
10.1080/1097198x.2018.1435005,0,0,1,0
10.1016/j.techfore.2016.12.016,0,0,1,0
10.1080/15228053.2022.2074585,0,0,1,0
10.1080/1097198x.2023.2201528,0,0,1,0
10.1080/1097198x.2018.1505063,0,0,1,0
10.1080/1097198x.2020.1794131,0,0,1,0
10.2979/esj.2022.a886946,1,0,0,0
10.2979/eservicej.11.3.01,1,0,0,0
10.1080/1097198x.2018.1435001,0,0,1,0
10.1080/1097198x.2019.1701641,0,0,1,0
10.25071/1874-6322.1309,1,0,0,0
10.1215/15476715-2006-023,0,0,1,0
10.1080/10705422.2011.568921,0,0,1,0
10.1111/j.1741-3729.2006.00366.x,0,0,1,0
10.1088/0004-637x/815/1/2,0,0,0,1
10.3847/1538-3881/ab24c0,0,0,0,1
10.5121/ijmvsc.2016.7301,1,0,0,0
10.1080/10696679.2017.1311215,0,0,1,0
10.1017/s0898588x20000024,0,0,1,0
10.1007/s10919-014-0182-4,0,0,1,0
10.17705/1cais.03104,1,0,0,0
10.4018/jdsst.2011010101,0,0,0,1
10.1002/chin.200849054,0,0,1,0
10.1891/0886-6708.33.6.1193,0,0,1,0
10.1177/1088767919848665,0,0,1,0
10.1111/1745-9133.12332,0,0,1,0
10.1177/1557085120987621,0,0,1,0
10.2105/ajph.2020.306017,1,0,0,0
10.1557/s43580-021-00075-4,0,0,1,0
10.1017/s1431927620022953,0,0,1,0
10.1155/2019/1082412,0,0,0,1
10.1021/acsanm.2c03203,0,1,0,0
10.1093/micmic/ozad067.282,0,0,1,0
10.1021/acs.jpcc.2c07919,0,1,0,0
10.2304/rcie.2009.4.1.97,0,0,1,0
10.1016/j.foreco.2016.08.050,0,0,1,0
10.1002/ecy.1534,0,0,1,0
10.1002/ecy.1536,0,0,1,0
10.1007/s00442-016-3629-y,0,0,1,0
10.1371/journal.pone.0201873,0,0,0,1
10.1177/1090198110385773,0,0,1,0
10.1097/00006534-199810000-00068,0,0,1,0
10.1108/02686900610661423,0,0,1,0
10.1016/j.racreg.2018.03.007,0,0,1,0
10.1016/j.racreg.2018.09.004,0,0,1,0
10.1016/j.racreg.2016.09.007,0,0,1,0
10.1016/j.racreg.2015.09.005,0,0,1,0
10.1016/j.ijpe.2017.04.010,0,0,1,0
10.1002/net.21863,0,0,1,0
10.1016/j.ijpe.2019.04.024,0,0,1,0
10.1016/j.trd.2020.102668,0,0,1,0
10.1287/inte.2018.0942,0,0,1,0
10.1002/net.21858,0,0,1,0
10.1002/net.21818,0,0,1,0
10.1016/j.omega.2016.08.013,0,0,1,0
10.1007/s11067-015-9311-9,0,0,1,0
10.1007/s11750-017-0460-5,0,0,1,0
10.1016/j.omega.2019.07.006,0,0,1,0
10.1016/j.patter.2022.100564,0,0,0,1
10.1287/trsc.2023.1205,0,0,1,0
10.1002/net.21982,0,0,1,0
10.1016/j.ejor.2020.09.039,0,0,1,0
10.1016/j.omega.2019.03.014,0,0,1,0
10.1099/mgen.0.000595,0,0,0,1
10.21769/bioprotoc.2084,1,0,0,0
10.1371/journal.pgen.1005922,0,0,0,1
10.1093/femsle/fnz077,0,0,1,0
10.1111/mmi.13370,0,0,1,0
10.1128/jb.00674-16,0,0,1,0
10.1177/0891242409358080,0,0,1,0
10.1080/07036337.2012.707361,0,0,1,0
10.20849/iref.v1i1.270,1,0,0,0
10.1037/ebs0000058,0,0,1,0
10.1037/gpr0000104,0,0,1,0
10.1108/jrim-10-2017-0092,0,0,1,0
10.1093/hsw/hlz025,0,0,1,0
10.1007/s10896-020-00193-x,0,0,1,0
10.1111/j.1521-0391.2010.00075.x,0,0,1,0
10.1080/13607863.2019.1699020,0,0,1,0
10.1007/s13644-019-00372-3,0,0,1,0
10.1007/s10560-015-0383-7,0,0,1,0
10.1007/s11042-020-08678-z,0,0,1,0
10.1007/s10489-022-03923-4,0,0,1,0
10.1080/00220671.2012.667009,0,0,1,0
10.4018/ijtepd.2021010107,0,0,0,1
10.1039/c9nj06139h,0,0,1,0
10.1021/acs.joc.9b00905,0,1,0,0
10.1039/c9sc03758f,0,0,0,1
10.1016/j.jphotochem.2019.111966,0,0,1,0
10.1016/j.poly.2019.114120,0,0,1,0
10.1016/j.nucmedbio.2015.03.001,0,0,1,0
10.1016/j.ica.2015.09.025,0,0,1,0
10.1016/j.poly.2015.06.008,0,0,1,0
10.1021/jacs.5b04082,0,1,0,0
10.1007/s10973-016-5342-9,0,0,1,0
10.1016/j.jorganchem.2017.03.043,0,0,1,0
10.1021/acs.joc.6b02478,0,1,0,0
10.1016/j.jorganchem.2016.12.021,0,0,1,0
10.1016/j.poly.2016.11.047,0,0,1,0
10.1021/acs.jchemed.6b00256,0,1,0,0
10.1039/c6dt02185a,0,0,1,0
10.1016/j.jcat.2015.12.026,0,0,1,0
10.1021/jacs.6b02405,0,1,0,0
10.1039/c6ob00107f,0,0,1,0
10.1016/j.tetlet.2016.05.007,0,0,1,0
10.1021/acs.inorgchem.7b01711,0,1,0,0
10.1021/jacs.6b06862,0,1,0,0
10.1039/c6ob01726f,0,0,1,0
10.1039/c8ra06297h,0,0,0,1
10.1107/s2056989018009696,0,0,0,1
10.1016/j.jorganchem.2016.04.004,0,0,1,0
10.1039/c9pp00004f,0,0,1,0
10.1002/chin.201628021,0,0,1,0
10.1039/c8ce00447a,0,0,1,0
10.1021/acs.inorgchem.7b01619,0,1,0,0
10.1039/c6dt00064a,0,0,1,0
10.1039/c7dt04232a,0,0,1,0
10.1016/j.tetlet.2018.01.029,0,0,1,0
10.1039/c5ra21270g,0,0,0,1
10.1021/acs.joc.5b01073,0,1,0,0
10.1039/c4cc09594d,0,0,1,0
10.1039/c7dt04366j,0,0,1,0
10.1107/s2414314618011082,0,0,0,1
10.1021/acs.jmedchem.6b00948,0,1,0,0
10.1038/srep34394,0,0,0,1
10.1039/c6md00474a,0,0,1,0
10.1016/j.jphotobiol.2018.01.017,0,0,1,0
10.1039/c9dt04662c,0,0,1,0
10.1016/j.poly.2020.114376,0,0,1,0
10.1515/pac-2017-0112,0,0,0,1
10.1055/s-0036-1589103,0,0,1,0
10.1039/c9ce01379b,0,0,1,0
10.21300/21.1.2019.3,1,0,0,0
10.1038/srep12752,0,0,0,1
10.33423/jaf.v18i3.414,1,0,0,0
10.1504/ijrm.2018.10017696,0,0,1,0
10.1080/13548506.2017.1287409,0,0,1,0
10.1177/0193945913480429,0,0,1,0
10.1353/cpr.2014.0029,1,0,0,0
10.1097/naq.0000000000000223,0,0,1,0
10.1016/j.addbeh.2016.03.039,0,0,1,0
10.1016/j.jorganchem.2020.121514,0,0,1,0
10.1007/s10895-021-02730-3,0,0,1,0
10.1080/02701960.2022.2139693,0,0,1,0
10.1093/geroni/igy023.955,0,0,0,1
10.1080/07317115.2017.1356894,0,0,1,0
10.1080/08952841.2015.1065143,0,0,1,0
10.1002/gps.4312,0,0,1,0
10.2196/resprot.5488,0,0,0,1
10.1093/geront/gnw124,0,0,1,0
10.4140/tcp.n.2016.329,1,0,0,0
10.1177/0733464818759754,0,0,1,0
10.1080/07317115.2019.1703064,0,0,1,0
10.1080/13607863.2016.1196335,0,0,1,0
10.1093/geront/gny004,0,0,1,0
10.1177/1471301215618570,0,0,1,0
10.1177/0733464818803006,0,0,1,0
10.1177/0733464819868057,0,0,1,0
10.1080/07317115.2016.1276114,0,0,1,0
10.1017/s1041610219000565,0,0,1,0
10.1080/24727466.2011.11790309,0,0,1,0
10.1007/s10940-021-09532-7,0,0,1,0
10.1016/j.jcomdis.2019.105920,0,0,1,0
10.1111/j.1745-9125.2007.00096.x,0,0,1,0
10.1177/1078087408314774,0,0,1,0
10.1177/1043986211412560,0,0,1,0
10.1007/s10775-012-9215-x,0,0,1,0
10.1002/j.1556-6678.2005.tb00585.x,0,0,1,0
10.3389/fgene.2015.00301,0,0,0,1
10.1534/g3.115.026773,0,0,0,1
10.1186/s12870-020-2305-x,0,0,0,1
10.1016/j.parco.2019.02.003,0,0,1,0
10.1038/ncomms7534,0,0,0,1
10.1016/j.jda.2016.06.001,0,0,1,0
10.1016/j.patter.2021.100260,0,0,0,1
10.1016/j.patter.2021.100374,0,0,0,1
10.1016/j.xhgg.2022.100150,0,0,0,1
10.1016/j.racreg.2011.06.003,0,0,1,0
10.1016/j.racreg.2016.03.003,0,0,1,0
10.1016/j.racreg.2016.03.002,0,0,1,0
10.2308/acch.2010.24.3.471,1,0,0,0
10.2139/ssrn.3835467,0,0,1,0
10.1016/j.bbr.2017.04.041,0,0,1,0
10.1097/nmd.0000000000000641,0,0,1,0
10.1080/15402002.2021.2024193,0,0,1,0
10.1037/tra0000970,0,0,1,0
10.1016/j.psychres.2016.04.039,0,0,1,0
10.1016/j.psychres.2017.10.036,0,0,1,0
10.5664/jcsm.7930,0,0,1,0
10.1037/a0036305,1,0,0,0
10.1037/a0023831,1,0,0,0
10.1093/jahist/jax001,0,0,1,0
10.1093/jahist/jax431,0,0,1,0
10.1093/jahist/jaaa463,0,0,1,0
10.1093/jahist/jaz163,0,0,1,0
10.1093/jahist/jav780,0,0,1,0
10.1093/jahist/jaac004,0,0,1,0
10.1177/1066480720973420,0,0,1,0
10.1177/1066480718795708,0,0,1,0
10.1177/1066480716663490,0,0,1,0
10.1177/1066480720916570,0,0,1,0
10.1002/jcad.12161,0,0,1,0
10.1037/a0023774,1,0,0,0
10.1016/j.chieco.2012.09.003,0,0,1,0
10.1215/00182168-1165217,0,0,1,0
10.1111/dome.12106,0,0,1,0
10.4018/ijssoe.2017040102,0,0,0,1
10.1002/cft2.20188,0,0,1,0
10.1002/its2.91,0,0,1,0
10.21428/1163c5ca.43b0584b,1,0,0,0
10.1177/0011128710386199,0,0,1,0
10.1177/0022427807309439,0,0,1,0
10.17265/2161-6248/2016.10.004,1,0,0,0
10.17265/2161-623x/2016.06.005,1,0,0,0
10.17265/2161-623x/2015.11.006,1,0,0,0
10.1016/j.jedc.2010.01.006,0,0,1,0
10.1016/j.jms.2019.111208,0,0,1,0
10.1063/1.5113510,0,0,0,1
10.1111/geb.12615,0,0,1,0
10.1073/pnas.1703985114,0,0,1,0
10.4269/ajtmh.16-0236,0,0,0,1
10.1642/auk-16-171.1,0,0,1,0
10.1642/auk-17-123.1,0,0,1,0
10.1073/pnas.1515309112,0,0,1,0
10.1086/676642,0,0,0,1
10.1098/rspb.2012.2947,0,0,1,0
10.1007/s00251-016-0960-8,0,0,1,0
10.5253/arde.v104i2.a8,1,0,0,0
10.1016/j.tree.2016.07.012,0,0,1,0
10.1111/geb.12477,0,0,1,0
10.1645/16-8,1,0,0,0
10.1111/j.1365-2656.2012.02024.x,0,0,1,0
10.1017/s0031182017000208,0,0,0,1
10.1073/pnas.1702512114,0,0,1,0
10.1086/693346,0,0,0,1
10.1080/00071668.2014.994592,0,0,1,0
10.1890/0012-9658(2006)87[3:edatoo]2.0.co;2,0,0,1,0
10.1890/0012-9658(2006)87[1424:tuntob]2.0.co;2,0,0,1,0
10.1086/690008,0,0,0,1
10.1111/jbi.12730,0,0,1,0
10.1073/pnas.1523683113,0,0,1,0
10.1007/s00436-015-4588-7,0,0,1,0
10.1111/mec.13758,0,0,1,0
10.1017/s0031182015001183,0,0,0,1
10.1007/s00436-016-5263-3,0,0,1,0
10.1093/auk/124.3.868,0,0,1,0
10.1111/jbi.12936,0,0,1,0
10.1111/j.1461-0248.2007.01020.x,0,0,1,0
10.1017/s0031182016001384,0,0,0,1
10.1080/10635150500431205,0,0,1,0
10.1007/s00442-014-3048-x,0,0,1,0
10.1016/j.acha.2015.06.002,0,0,1,0
10.1016/j.cagd.2009.03.002,0,0,1,0
10.1090/s0025-5718-2014-02819-6,0,0,1,0
10.26556/jesp.v21i1.1293,0,0,0,1
10.5840/logos-episteme20189217,0,0,0,1
10.1017/epi.2016.18,0,0,1,0
10.3390/rel9020043,0,0,0,1
10.1093/gigascience/giz117,0,0,0,1
10.1111/jvec.12292,1,0,0,0
10.7589/2017-09-225,1,0,0,0
10.1186/s12864-017-4424-9,0,0,0,1
10.1007/s10393-017-1280-7,0,0,1,0
10.1638/2016-0025r1.1,1,0,0,0
10.1126/science.aal3345,0,0,1,0
10.1093/molbev/msx285,0,0,0,1
10.7589/2015-03-063,1,0,0,0
10.1016/j.ijppaw.2017.03.004,0,0,0,1
10.1111/jvec.12264,1,0,0,0
10.1111/1755-0998.13272,0,0,1,0
10.1016/j.ijppaw.2018.05.006,0,0,0,1
10.1002/ajp.23063,0,0,1,0
10.1186/s13071-019-3835-7,0,0,0,1
10.3390/insects11070422,0,0,0,1
10.1073/pnas.2006659117,0,0,1,0
10.1002/ece3.1894,0,0,0,1
10.1002/ece3.1587,0,0,0,1
10.1111/1468-0327.00014,0,0,1,0
10.1017/s0034412523000239,0,0,1,0
10.1353/hph.2019.0068,1,0,0,0
10.11612/resphil.2035,1,0,0,0
10.1002/1873-3468.14624,0,0,1,0
10.1080/15476286.2018.1521211,0,0,0,1
10.1080/01463373.2021.1981416,0,0,1,0
10.1037/aca0000363.supp,0,0,1,0
10.1080/08824090409360004,0,0,1,0
10.1080/08934210601180739,0,0,1,0
10.1016/j.ygcen.2023.114322,0,0,1,0
10.1353/sew.2018.0058,1,0,0,0
10.2307/arion.27.3.0111,1,0,0,0
10.1353/wlt.2016.0065,1,0,0,0
10.1177/1932202x18801274,0,0,1,0
10.1080/0309877x.2017.1363386,0,0,1,0
10.1142/s1793005716500162,0,0,1,0
10.3390/app10155388,0,0,0,1
10.1109/access.2022.3202944,0,0,0,1
10.3390/en11071851,0,0,0,1
10.3390/app9061066,0,0,0,1
10.3390/en12163176,0,0,0,1
10.1016/j.jinorgbio.2022.111831,0,0,1,0
10.1128/jvi.00146-18,0,0,1,0
10.1016/j.biochi.2016.04.022,0,0,1,0
10.4155/fmc.15.120,1,0,0,0
10.1016/j.biochi.2019.08.009,0,0,1,0
10.1039/c7ob02513k,0,0,1,0
10.1016/j.biochi.2018.11.013,0,0,1,0
10.1039/c6md00371k,0,0,1,0
10.18799/24056529/2016/4/66,0,0,0,1
10.1016/j.biochi.2022.04.010,0,0,1,0
10.1016/j.biochi.2019.07.021,0,0,1,0
10.1016/j.biochi.2021.03.015,0,0,1,0
10.3390/ijms18081778,0,0,0,1
10.1016/j.saa.2016.11.030,0,0,1,0
10.1016/j.bmc.2015.10.044,0,0,1,0
10.3390/chemosensors11030160,0,0,0,1
10.1016/j.bmc.2017.03.058,0,0,1,0
10.1080/17457289.2021.1945611,0,0,1,0
10.1080/17457289.2019.1711383,0,0,1,0
10.1089/elj.2022.0056,0,0,1,0
10.1177/1532673x17722988,0,0,1,0
10.1016/j.electstud.2015.03.013,0,0,1,0
10.1017/s1049096518000550,0,0,1,0
10.1177/1065912919832374,0,0,1,0
10.1080/01442872.2019.1694653,0,0,1,0
10.1039/c9ob01610d,0,0,1,0
10.1039/d1ob00188d,0,0,1,0
10.1039/d0ob01640c,0,0,1,0
10.1021/acs.joc.0c00943,0,1,0,0
10.1021/acs.joc.0c01279,0,1,0,0
10.1039/d1ob00004g,0,0,1,0
10.1039/d0ob00803f,0,0,1,0
10.1002/chem.201905187,0,0,1,0
10.1039/c8ob02413h,0,0,1,0
10.1016/j.carres.2018.09.003,0,0,1,0
10.1021/acs.chemrev.8b00051,0,1,0,0
10.1002/chem.201805527,0,0,1,0
10.1039/c6ob02498j,0,0,1,0
10.1021/acs.orglett.6b01102,0,1,0,0
10.1021/acs.orglett.5b02110,0,1,0,0
10.1002/chem.201905576,0,0,1,0
10.1039/c9ob02546d,0,0,1,0
10.1016/j.carres.2019.107900,0,0,1,0
10.1021/acs.joc.6b02151,0,1,0,0
10.1021/acs.joc.6b01439,0,1,0,0
10.1080/07328303.2018.1462372,0,0,1,0
10.1021/acs.joc.8b02612,0,1,0,0
10.1002/chem.201901969,0,0,1,0
10.1021/acs.jchemed.9b00446,0,1,0,0
10.3390/catal9100826,0,0,0,1
10.1080/07418825.2016.1226936,0,0,1,0
10.1080/0735648x.2017.1338148,0,0,1,0
10.1177/0011128713492496,0,0,1,0
10.1080/0735648x.2017.1329784,0,0,1,0
10.1177/0022427816683515,0,0,1,0
10.1080/07418825.2014.928348,0,0,1,0
10.1177/1541204017739678,0,0,1,0
10.1891/2168-6653.32.1.66,0,0,1,0
10.15241/jzt.7.3.259,1,0,0,0
10.1080/14681994.2017.1419569,0,0,1,0
10.1080/19361653.2018.1534632,0,0,1,0
10.1037/sgd0000635,0,0,1,0
10.1037/tra0000952,0,0,1,0
10.1177/0095798420904273,0,0,1,0
10.1177/2156759x18764934,0,0,1,0
10.1177/0011000017717705,0,0,1,0
10.1016/j.jasrep.2019.02.034,0,0,1,0
10.1080/00224545.2019.1648234,0,0,1,0
10.1111/josi.12151,0,0,1,0
10.3928/01484834-20180420-10,1,0,0,0
10.1007/s00040-023-00904-9,0,0,1,0
10.1353/soh.2020.0263,1,0,0,0
10.1016/j.pedhc.2016.06.006,0,0,1,0
10.1016/j.nurpra.2019.02.021,0,0,1,0
10.1016/j.pedhc.2017.04.001,0,0,1,0
10.1080/10665684.2021.1951631,0,0,1,0
10.1016/j.jmathb.2018.09.001,0,0,1,0
10.3102/0002831218811906,1,0,0,0
10.5951/mathteaceduc.6.2.0052,1,0,0,0
10.1016/j.tate.2019.06.007,0,0,1,0
10.1080/09518398.2019.1576941,0,0,1,0
10.1080/10400435.2016.1223209,0,0,1,0
10.5951/mtlt.2019.0101,1,0,0,0
10.3102/00346543221081874,1,0,0,0
10.1163/22134360-09701005,0,0,0,1
10.1039/c8ce00198g,0,0,1,0
10.1007/s11682-020-00417-0,0,0,1,0
10.1080/02699052.2023.2165152,0,0,1,0
10.1111/acer.12889,0,0,1,0
10.1186/s12942-016-0050-z,0,0,0,1
10.1016/j.drugalcdep.2015.05.043,0,0,1,0
10.1080/08897077.2019.1616348,0,0,1,0
10.1007/s11121-017-0838-5,0,0,1,0
10.1177/23779608221140719,0,0,0,1
10.1017/s0033291717003208,0,0,1,0
10.1080/08897077.2021.1901174,0,0,1,0
10.3389/fpsyt.2021.569335,0,0,0,1
10.1080/13811118.2017.1387207,0,0,1,0
10.1007/s00127-017-1478-6,0,0,1,0
10.1017/s0033291715002056,0,0,1,0
10.1097/pts.0000000000001126,0,0,1,0
10.1111/acer.13113,0,0,1,0
10.1016/j.drugalcdep.2019.02.026,0,0,1,0
10.1037/adb0000531,0,0,1,0
10.1037/adb0000174.supp,0,0,1,0
10.1016/j.whi.2018.04.011,0,0,1,0
10.1111/acer.13220,0,0,1,0
10.1016/j.drugalcdep.2016.03.003,0,0,1,0
10.1016/j.drugalcdep.2017.06.038,0,0,1,0
10.1111/1745-9125.12101,0,0,1,0
10.1016/j.ssresearch.2018.08.008,0,0,1,0
10.1080/00330124.2016.1157495,0,0,1,0
10.1016/j.socnet.2016.12.001,0,0,1,0
10.1177/2399808317690158,0,0,1,0
10.1007/s10940-021-09537-2,0,0,1,0
10.1177/2378023118769536,0,0,0,1
10.1111/1745-9125.12074,0,0,1,0
10.1093/nq/s6-ii.40.278e,0,0,1,0
10.1001/archinte.1966.03870100116023,1,0,0,0
10.1215/00138282-50.2.15,0,0,1,0
10.1111/cxo.12540,0,0,1,0
10.1137/140982441,0,0,1,0
10.4134/jkms.2016.53.1.115,1,0,0,0
10.1007/s00041-018-9619-1,0,0,1,0
10.1016/j.ffa.2017.07.012,0,0,1,0
10.1007/s00373-018-2002-9,0,0,1,0
10.1177/1046496419889660,0,0,1,0
10.1177/1359105320963540,0,0,1,0
10.1007/s12144-021-01398-z,0,0,1,0
10.1038/s41598-020-63351-7,0,0,0,1
10.1007/s12144-020-01342-7,0,0,1,0
10.1016/j.neulet.2011.01.059,0,0,1,0
10.1177/0748175615596581,0,0,1,0
10.1027/1015-5759/a000086,0,0,1,0
10.1080/02699931.2016.1189882,0,0,1,0
10.3389/fpsyg.2022.801241,0,0,0,1
10.12688/routledgeopenres.17446.2,1,0,0,0
10.1177/00332941221125771,0,0,1,0
10.1007/s11031-015-9531-9,0,0,1,0
10.1556/2006.7.2018.77,0,0,0,1
10.3389/fpsyg.2018.00615,0,0,0,1
10.3389/fpsyg.2020.00822,0,0,0,1
10.1002/mpr.1771,0,0,0,1
10.1007/s12144-019-00274-1,0,0,1,0
10.1016/j.neuropsychologia.2020.107426,0,0,1,0
10.1002/jts.22446,0,0,1,0
10.1016/j.visres.2015.08.021,0,0,1,0
10.1037/a0039289,1,0,0,0
10.1007/s11205-014-0639-1,0,0,1,0
10.1007/s12144-016-9462-y,0,0,1,0
10.1038/srep21298,0,0,0,1
10.1080/02699931.2015.1027664,0,0,1,0
10.1016/j.neulet.2011.03.066,0,0,1,0
10.1016/j.adolescence.2011.02.006,0,0,1,0
10.1016/j.neuroscience.2017.08.055,0,0,1,0
10.3389/fpsyg.2017.02168,0,0,0,1
10.1016/j.biopsycho.2018.05.013,0,0,1,0
10.1371/journal.pone.0128932,0,0,0,1
10.4018/ijtepd.2019010106,0,0,0,1
10.1080/19313152.2021.1889112,0,0,1,0
10.20306/kces.2020.30.6.111,1,0,0,0
10.21423/jume-v13i2a409,0,0,0,1
10.1002/trtr.1820,0,0,1,0
10.1504/eg.2018.10008393,0,0,1,0
10.1111/medu.14741,0,0,1,0
10.1080/08874417.2020.1830005,0,0,1,0
10.1093/jamia/ocaa064,0,0,1,0
10.1080/09585192.2017.1282531,0,0,1,0
10.2139/ssrn.3687796,0,0,1,0
10.1137/15m1037457,0,0,1,0
10.1016/j.jat.2015.02.008,0,0,1,0
10.1080/00036811.2015.1068298,0,0,1,0
10.1016/j.acha.2015.03.005,0,0,1,0
10.1016/j.dsp.2021.103262,0,0,1,0
10.1016/j.cam.2021.113607,0,0,1,0
10.1007/s10444-020-09814-x,0,0,1,0
10.4208/nmtma.oa-2020-0077,0,0,1,0
10.1016/j.acha.2021.05.006,0,0,1,0
10.1155/2019/8535206,1,0,0,0
10.1016/j.cam.2020.113074,0,0,1,0
10.3389/fams.2022.830530,0,0,0,1
10.1142/s0218348x21501255,0,0,1,0
10.1037/trm0000012,0,0,1,0
10.1007/s10608-016-9770-4,0,0,1,0
10.1007/s10597-015-9887-z,0,0,1,0
10.1177/1474474018811678,0,0,1,0
10.22339/jbh.v4i3.4310,0,0,0,1
10.1353/tech.2014.0099,1,0,0,0
10.1016/j.ribaf.2015.09.017,0,0,1,0
10.1016/j.asieco.2016.03.002,0,0,1,0
10.1080/1540496x.2016.1140456,0,0,1,0
10.2139/ssrn.287475,0,0,1,0
10.1080/00213624.2020.1721978,0,0,1,0
10.1080/1226508x.2018.1531353,0,0,1,0
10.1007/s10436-020-00369-x,0,0,1,0
10.1016/j.jpolmod.2020.01.006,0,0,1,0
10.1016/j.ecosys.2020.100819,0,0,1,0
10.1111/cgf.13005,0,0,1,0
10.1109/tmm.2017.2687759,0,0,1,0
10.1111/cgf.13018,0,0,1,0
10.1142/s0219467821500479,1,0,0,0
10.1080/07418825.2013.827231,0,0,1,0
10.1080/0735648x.2022.2072364,0,0,1,0
10.7758/rsf.2022.8.1.05,0,0,0,1
10.1093/police/paac038,0,0,1,0
10.21428/cb6ab371.041cfb4e,1,0,0,0
10.7758/rsf.2022.8.1.08,0,0,0,1
10.1080/07418825.2020.1819384,0,0,1,0
10.7758/rsf.2022.8.1.10,0,0,0,1
10.1080/0735648x.2016.1155303,0,0,1,0
10.1007/s10940-016-9303-z,0,0,1,0
10.1080/0735648x.2015.1047465,0,0,1,0
10.1080/07418825.2017.1339113,0,0,1,0
10.1177/10790632221127980,0,0,1,0
10.7758/rsf.2022.8.1.09,0,0,0,1
10.1016/j.jvacx.2023.100270,0,0,0,1
10.1080/24751979.2021.1963636,0,0,1,0
10.1177/1043986220965035,0,0,1,0
10.21428/cb6ab371.bf51ae28,1,0,0,0
10.1080/24751979.2019.1689152,0,0,1,0
10.3390/ijerph20032634,1,0,0,0
10.1016/j.dhjo.2020.100937,0,0,1,0
10.1377/hlthaff.2015.1262,1,0,0,0
10.1093/geroni/igac059.2907,0,0,0,1
10.1111/cch.13115,0,0,1,0
10.1080/13668803.2022.2055997,0,0,1,0
10.1016/j.adolescence.2019.04.002,0,0,1,0
10.1063/1.3340946,0,0,0,1
10.1088/0256-307x/27/10/107301,0,0,1,0
10.1039/c4nr04689g,0,0,1,0
10.1021/jp710649k,0,1,0,0
10.1063/1.1853519,0,0,0,1
10.1149/2.0211503jss,0,0,1,0
10.1021/acs.jpcc.5b06260,0,1,0,0
10.1080/10410236.2013.836733,0,0,1,0
10.1080/10410236.2017.1405476,0,0,1,0
10.1080/10410236.2016.1196639,0,0,1,0
10.1080/07448481.2019.1679819,0,0,1,0
10.1016/j.vaccine.2022.10.067,0,0,1,0
10.1080/10410236.2018.1536959,0,0,1,0
10.1080/10410236.2023.2258308,0,0,1,0
10.1016/j.ejor.2015.04.015,0,0,1,0
10.1504/ijcee.2016.073343,0,0,1,0
10.1016/j.omega.2016.07.007,0,0,1,0
10.5711/morj.14.3.,1,0,0,0
10.1504/ijssci.2008.019610,0,0,1,0
10.1007/s10951-008-0079-3,0,0,1,0
10.1021/acschemneuro.8b00029,0,1,0,0
10.1021/acsinfecdis.2c00125,0,1,0,0
10.1016/j.abb.2021.108753,0,0,1,0
10.1002/btpr.3153,0,0,1,0
10.1016/j.bbapap.2022.140817,0,0,1,0
10.1111/jnc.14674,0,0,1,0
10.1523/jneurosci.4654-15.2016,0,0,0,1
10.1016/j.abb.2016.03.017,0,0,1,0
10.1017/bca.2019.31,0,0,1,0
10.1057/s41302-023-00243-4,0,0,1,0
10.1086/722907,0,0,0,1
10.1111/joes.12189,0,0,1,0
10.3390/jpm13071060,0,0,0,1
10.1007/s41885-020-00073-0,0,0,1,0
10.2139/ssrn.4285836,0,0,1,0
10.1104/pp.17.00026,0,0,1,0
10.1111/tpj.13165,0,0,1,0
10.1016/j.bbalip.2016.04.009,0,0,1,0
10.1038/s41598-017-04002-2,0,0,0,1
10.1016/j.plipres.2016.01.002,0,0,1,0
10.1038/srep36172,0,0,0,1
10.1038/s41467-020-17311-4,0,0,0,1
10.3390/plants9070845,0,0,0,1
10.1016/j.jhazmat.2021.127115,0,0,1,0
10.1111/nph.16473,0,0,1,0
10.1016/j.molp.2020.04.007,0,0,1,0
10.1093/plcell/koaa057,0,0,1,0
10.3390/plants9050650,0,0,0,1
10.1038/s41477-019-0497-6,0,0,1,0
10.1016/j.molp.2020.12.003,0,0,1,0
10.1042/ebc20190089,0,0,1,0
10.1093/jxb/erv402,0,0,1,0
10.1016/j.plantsci.2018.05.021,0,0,1,0
10.1111/pce.13554,0,0,1,0
10.1186/s13068-021-01899-w,0,0,0,1
10.1038/s41467-023-36155-2,0,0,0,1
10.1016/j.xplc.2022.100500,0,0,0,1
10.1016/j.cofs.2017.08.003,0,0,1,0
10.3389/fpls.2022.852923,0,0,0,1
10.1111/pbi.13665,0,0,0,1
10.15252/embr.202051871,0,0,1,0
10.1016/j.plipres.2022.101158,0,0,1,0
10.1016/j.plantsci.2023.111636,0,0,1,0
10.1111/tpj.15152,0,0,1,0
10.1111/nph.15801,0,0,1,0
10.1105/tpc.18.00675,0,0,1,0
10.1105/tpc.19.00510,0,0,1,0
10.1111/pbi.13183,0,0,0,1
10.1016/j.molp.2018.10.001,0,0,1,0
10.1093/jxb/ery146,0,0,1,0
10.1186/s13068-018-1340-4,0,0,0,1
10.1111/pce.13437,0,0,1,0
10.1111/tpj.13916,0,0,1,0
10.1080/1533256x.2022.2047561,0,0,1,0
10.1002/prot.26423,0,0,1,0
10.1002/jcc.26991,0,0,1,0
10.1002/pro.4065,0,0,1,0
10.15406/mojpb.2016.03.00077,1,0,0,0
10.1007/s10847-021-01072-8,0,0,1,0
10.1016/j.comptc.2021.113496,0,0,1,0
10.3390/life11020074,0,0,0,1
10.1002/prot.25899,0,0,1,0
10.1142/s0219633619200013,0,0,1,0
10.1123/jsep.2015-0110,0,0,1,0
10.1016/j.psychsport.2015.03.008,0,0,1,0
10.1123/jsep.2015-0139,0,0,1,0
10.1080/03057240.2017.1350149,0,0,1,0
10.1016/j.psychsport.2016.08.005,0,0,1,0
10.1080/17439760.2017.1350738,0,0,1,0
10.1017/s147924431600024x,0,0,1,0
10.1353/sub.2018.0031,1,0,0,0
10.14516/ete.277,0,0,0,1
10.1007/s00289-018-2424-9,0,0,1,0
10.21423/jrs-v04n03p014,0,0,0,1
10.1177/1091581815602252,0,0,1,0
10.2174/2210315506666160218232311,0,0,1,0
10.1016/j.jfca.2015.01.021,0,0,1,0
10.1021/jf504500g,0,1,0,0
10.1016/j.neuint.2016.05.004,0,0,1,0
10.21423/jrs-v05n02p015,0,0,0,1
10.25071/1708-6701.40435,1,0,0,0
10.1086/699743,0,0,1,0
10.1007/s40806-018-0167-3,0,0,1,0
10.1017/apa.2014.10,0,0,1,0
10.1007/s11023-017-9437-2,0,0,1,0
10.1086/687855,0,0,1,0
10.1007/s11229-015-0783-4,0,0,1,0
10.1007/s11245-015-9323-6,0,0,1,0
10.1007/s10867-019-09532-6,0,0,1,0
10.3389/fnbot.2022.846979,0,0,0,1
10.1093/monist/onab035,0,0,1,0
10.5406/21521123.59.4.06,0,0,1,0
10.1007/s11023-018-9461-x,0,0,1,0
10.1007/s10867-018-9504-9,0,0,1,0
10.1104/pp.19.00300,0,0,1,0
10.1073/pnas.1721279115,0,0,1,0
10.1093/plphys/kiaa002,0,0,1,0
10.1093/plcell/koab247,0,0,1,0
10.2139/ssrn.3416008,0,0,1,0
10.1080/1540496x.2019.1624952,0,0,1,0
10.1111/1468-0106.12379,0,0,1,0
10.2139/ssrn.3858059,0,0,1,0
10.1016/j.jfs.2019.100690,0,0,1,0
10.1016/j.jfi.2022.100958,0,0,1,0
10.1007/s10693-015-0232-z,0,0,1,0
10.2469/dig.v40.n1.77,1,0,0,0
10.1016/j.jbankfin.2013.03.024,0,0,1,0
10.2139/ssrn.2064871,0,0,1,0
10.2139/ssrn.1785686,0,0,1,0
10.2139/ssrn.1787747,0,0,1,0
10.1111/j.1540-6288.2010.00266.x,0,0,1,0
10.1111/j.1755-053x.2010.01128.x,0,0,1,0
10.1016/j.finmar.2016.03.005,0,0,1,0
10.1016/j.jimonfin.2016.06.017,0,0,1,0
10.3847/1538-3881/ab32e4,0,0,0,1
10.3847/1538-3881/aade87,0,0,0,1
10.1098/rsta.2016.0249,0,0,1,0
10.3847/2041-8213/aa5cb3,0,0,0,1
10.1086/312530,0,0,0,1
10.3847/psj/abd03c,0,0,0,1
10.3847/psj/abc95c,0,0,0,1
10.3847/1538-3881/abfcbd,0,0,0,1
10.3847/psj/abd71d,0,0,0,1
10.3847/psj/ac07ae,0,0,0,1
10.3847/psj/abd706/54,0,0,0,1
10.3847/psj/ac323c,0,0,0,1
10.3847/0004-637x/816/2/101,0,0,0,1
10.3847/1538-3881/aa5d18,0,0,0,1
10.1016/j.jpsychires.2022.09.027,0,0,1,0
10.1523/jneurosci.0911-21.2022,0,0,0,1
10.1017/s0033291723001642,0,0,1,0
10.1016/j.jad.2023.06.011,0,0,1,0
10.1016/j.cct.2023.107257,0,0,1,0
10.1001/jamapsychiatry.2022.4533,1,0,0,0
10.1017/s2045796022000798,0,0,0,1
10.1038/s41398-022-02289-y,0,0,0,1
10.1002/jts.22112,0,0,1,0
10.1111/nmo.12848,0,0,1,0
10.1038/s41380-023-01971-x,0,0,1,0
10.1176/appi.ajp.21090911,0,0,1,0
10.1016/j.jad.2016.05.065,0,0,1,0
10.1016/j.biopsych.2023.02.123,0,0,1,0
10.1016/j.jpsychires.2021.07.023,0,0,1,0
10.1001/jamapsychiatry.2021.2427,1,0,0,0
10.1016/j.janxdis.2021.102412,0,0,1,0
10.1016/j.pscychresns.2023.111671,0,0,1,0
10.1016/j.bbr.2021.113258,0,0,1,0
10.1177/08862605211043584,0,0,1,0
10.1002/da.23223,0,0,1,0
10.1016/j.jad.2021.10.104,0,0,1,0
10.1016/j.annemergmed.2022.08.011,0,0,1,0
10.1109/jbhi.2021.3053909,0,0,1,0
10.1038/s41380-023-02012-3,0,0,1,0
10.1371/journal.pone.0273378,0,0,0,1
10.1038/s41386-020-00946-8,0,0,1,0
10.1038/s41398-022-02085-8,0,0,0,1
10.1038/s41380-020-00967-1,0,0,1,0
10.1176/appi.ajp.2019.19010060,0,0,1,0
10.1016/j.jpsychires.2020.09.001,0,0,1,0
10.1038/s41380-020-00897-y,0,0,1,0
10.1177/0886260516682519,0,0,1,0
10.1037/tra0000561,0,0,1,0
10.1016/j.biopsych.2019.03.122,0,0,1,0
10.1038/mp.2015.149,0,0,1,0
10.1177/0886260514555866,0,0,1,0
10.1037/tra0000082,0,0,1,0
10.1016/j.bpsc.2017.12.006,0,0,1,0
10.1177/1524838016650188,0,0,1,0
10.1016/s0016-5085(16)32369-1,0,0,1,0
10.1016/j.nicl.2017.01.030,0,0,0,1
10.1017/s0033291721004475,0,0,1,0
10.1038/s41380-020-00911-3,0,0,1,0
10.1002/ejp.1733,0,0,1,0
10.1016/j.bbr.2021.113312,0,0,1,0
10.1176/appi.ajp.2021.20101526,0,0,1,0
10.1016/j.ynstr.2021.100384,0,0,0,1
10.1017/s0033291720003773,0,0,1,0
10.1177/0886260519835007,0,0,1,0
10.1002/jts.22386,0,0,1,0
10.1038/s41380-018-0201-7,0,0,1,0
10.1038/s41380-019-0631-x,0,0,1,0
10.1016/j.biopsych.2019.03.762,0,0,1,0
10.1177/0886260518818434,0,0,1,0
10.1016/j.bbr.2019.01.054,0,0,1,0
10.1017/s1755048314000777,0,0,1,0
10.1016/j.ssresearch.2013.12.008,0,0,1,0
10.15763/issn.2374-7781.2013.34.0.65-84,1,0,0,0
10.1177/1073191115597059,0,0,1,0
10.1037/a0040113,0,0,1,0
10.1007/s10880-015-9419-6,0,0,1,0
10.1177/0145445515613329,0,0,1,0
10.1016/j.ahj.2017.07.019,0,0,1,0
10.1007/s40519-016-0284-6,0,0,0,1
10.1016/j.cjca.2020.03.044,0,0,1,0
10.1016/j.amjcard.2019.03.039,0,0,1,0
10.1111/chd.12747,1,0,0,0
10.1016/j.jacc.2016.03.477,0,0,1,0
10.1016/j.ijcard.2017.10.064,0,0,1,0
10.1016/j.ijcard.2017.06.072,0,0,1,0
10.1007/s10880-018-9572-9,0,0,1,0
10.1016/j.hrthm.2019.11.026,0,0,1,0
10.1002/da.22457,0,0,1,0
10.1016/j.ijcard.2014.11.084,0,0,1,0
10.1016/j.ijcard.2018.07.103,0,0,1,0
10.1016/j.amjcard.2018.06.056,0,0,1,0
10.1177/1359105315580212,0,0,1,0
10.1016/j.hrthm.2020.09.012,0,0,1,0
10.1016/j.amjcard.2020.12.088,0,0,1,0
10.1001/jama.1927.92690230002013a,1,0,0,0
10.1016/j.ijcha.2018.11.004,0,0,0,1
10.1007/s10865-021-00239-5,0,0,1,0
10.1016/j.ijcchd.2021.100200,0,0,0,1
10.1016/j.cjca.2019.07.635,0,0,1,0
10.1177/2047487319876231,0,0,1,0
10.1161/circ.139.suppl_1.p313,0,0,1,0
10.1177/1359105320937068,0,0,1,0
10.1177/1474515120930496,0,0,1,0
10.1111/chd.12668,1,0,0,0
10.1186/s12955-021-01696-x,0,0,0,1
10.1111/chd.12583,1,0,0,0
10.1016/j.amjcard.2017.10.038,0,0,1,0
10.1016/j.amjcard.2019.03.011,0,0,1,0
10.1186/s12913-020-05361-9,0,0,0,1
10.1016/j.jpsychores.2019.109762,0,0,1,0
10.1177/2055102916634364,0,0,0,1
10.1016/s0002-9610(00)00551-1,0,0,1,0
10.1037/a0015163,0,0,1,0
10.2196/26842,0,0,0,1
10.1016/s0016-5085(15)32222-8,0,0,1,0
10.1177/0020872817742701,0,0,1,0
10.1007/s11266-020-00218-5,0,0,1,0
10.1080/15588742.2014.956972,0,0,1,0
10.1037/ppm0000469,0,0,1,0
10.32674/jump.v1i1.34,1,0,0,0
10.1177/0895904817741542,0,0,1,0
10.5330/1096-2409-20.1a.29,0,0,1,0
10.1002/bin.1632,0,0,1,0
10.1080/19415257.2019.1634626,0,0,1,0
10.1002/pits.22020,0,0,1,0
10.1016/j.jcrimjus.2016.09.001,0,0,1,0
10.1108/jacpr-12-2020-0567,0,0,1,0
10.1002/pfi.21546,0,0,1,0
10.1002/pfi.21771,0,0,1,0
10.1007/s11002-014-9329-7,0,0,1,0
10.1016/j.intman.2015.10.003,0,0,1,0
10.2753/mtp1069-6679170101,0,0,1,0
10.2753/pss0885-3134290305,0,0,1,0
10.1002/mus.21016,0,0,1,0
10.1007/s10461-009-9538-x,0,0,1,0
10.1097/jgp.0b013e3181b208ef,0,0,1,0
10.1080/13803390802014594,0,0,1,0
10.1017/s1355617711000324,0,0,1,0
10.1007/s11682-008-9032-5,0,0,1,0
10.1016/j.ijcard.2006.10.032,0,0,1,0
10.3109/13550284.2010.489597,0,0,1,0
10.1007/s11481-015-9610-4,0,0,1,0
10.1016/j.appet.2007.07.008,0,0,1,0
10.1177/0956462420960602,0,0,1,0
10.1016/j.soard.2010.09.015,0,0,1,0
10.1093/cid/cix1031,0,0,1,0
10.1097/qai.0000000000001619,0,0,1,0
10.1007/s13365-016-0503-y,0,0,1,0
10.1089/aid.2020.0203,0,0,1,0
10.1007/s13365-022-01073-4,0,0,1,0
10.1007/s13365-020-00882-9,0,0,1,0
10.1097/qai.0000000000002683,0,0,1,0
10.1001/jamanetworkopen.2020.31190,0,0,0,1
10.1097/qad.0000000000002768,0,0,1,0
10.1097/qad.0000000000002786,0,0,1,0
10.1002/jia2.25585,0,0,0,1
10.1007/s13365-017-0557-5,0,0,1,0
10.3389/fneur.2021.602263,0,0,0,1
10.1097/qad.0000000000002831,0,0,1,0
10.1017/gmh.2021.1,0,0,0,1
10.1097/qai.0000000000000779,0,0,1,0
10.1016/j.soard.2011.10.008,0,0,1,0
10.1017/s1355617715000879,0,0,1,0
10.21300/18.1.2016.5,1,0,0,0
10.1016/j.bbr.2015.08.028,0,0,1,0
10.1007/s00702-015-1434-0,0,0,1,0
10.21300/18.1.2016.21,1,0,0,0
10.1097/jcn.0b013e31819b54de,0,0,1,0
10.1093/cid/ciab169,0,0,1,0
10.1097/00008483-200505000-00009,0,0,1,0
10.1007/s11682-017-9769-9,0,0,1,0
10.1016/j.media.2021.102246,0,0,1,0
10.1080/23279095.2013.845823,0,0,1,0
10.1007/s13365-022-01085-0,0,0,1,0
10.1186/s12974-022-02402-4,0,0,0,1
10.1089/aid.2021.0076,0,0,1,0
10.1007/s13365-020-00826-3,0,0,1,0
10.1080/09540121.2017.1281877,0,0,1,0
10.1097/qai.0000000000002242,0,0,1,0
10.1007/s13365-015-0373-8,0,0,1,0
10.1007/s11682-014-9334-8,0,0,1,0
10.1007/s13365-021-00993-x,0,0,1,0
10.1097/qai.0000000000002435,0,0,1,0
10.1089/apc.2010.0292,0,0,1,0
10.1111/j.1532-5415.2008.01930.x,0,0,1,0
10.1176/jnp.23.3.jnp308,0,0,1,0
10.1016/j.biopsycho.2008.07.004,0,0,1,0
10.1016/j.soard.2011.11.006,0,0,1,0
10.1093/arclin/acr065,0,0,1,0
10.1111/j.1552-6569.2007.00110.x,0,0,1,0
10.1016/j.artres.2008.01.001,0,0,0,1
10.1111/j.1479-8301.2011.00357.x,0,0,1,0
10.1002/oby.20494,0,0,1,0
10.1097/inf.0000000000000774,0,0,1,0
10.1177/1066480711406678,0,0,1,0
10.1007/s13365-020-00873-w,0,0,1,0
10.1007/s13365-016-0434-7,0,0,1,0
10.1097/qad.0000000000002471,0,0,1,0
10.1002/jmv.27720,0,0,1,0
10.1080/13803395.2014.985636,0,0,1,0
10.1097/qai.0000000000002783,0,0,1,0
10.1007/s13365-016-0467-y,0,0,1,0
10.1186/s12981-019-0257-8,0,0,0,1
10.1097/qai.0000000000002360,0,0,1,0
10.1037/neu0000851.supp,0,0,1,0
10.1089/aid.2017.0237,0,0,1,0
10.1089/vim.2021.0047,0,0,1,0
10.1089/jir.2020.0251,0,0,1,0
10.1016/j.eclinm.2021.100845,0,0,0,1
10.1016/j.soard.2012.10.008,0,0,1,0
10.1097/inf.0000000000001852,0,0,1,0
10.1097/qai.0000000000002677,0,0,1,0
10.1016/s2055-6640(20)30501-x,0,0,0,1
10.1016/j.soard.2013.04.011,0,0,1,0
10.1080/13854046.2015.1087596,0,0,1,0
10.1007/s13365-020-00827-2,0,0,1,0
10.1007/s11481-021-10045-0,0,0,1,0
10.1097/hcr.0b013e3181e1739a,0,0,1,0
10.4236/jbbs.2020.108022,1,0,0,0
10.1016/j.comppsych.2006.05.001,0,0,0,1
10.1007/s10461-017-1788-4,0,0,1,0
10.1093/cid/ciaa1344,0,0,1,0
10.1212/wnl.0000000000002669,0,0,1,0
10.1097/qad.0000000000000766,0,0,1,0
10.1097/qai.0000000000000746,0,0,1,0
10.1016/j.cct.2020.106150,0,0,1,0
10.1097/qai.0000000000002907,0,0,1,0
10.1097/qai.0000000000002832,0,0,1,0
10.1097/psy.0000000000001133,0,0,1,0
10.1016/j.pediatrneurol.2015.08.004,0,0,1,0
10.1007/s11682-016-9540-7,0,0,1,0
10.1089/brain.2016.0457,0,0,1,0
10.1007/s11682-015-9383-7,0,0,1,0
10.1007/s13365-017-0581-5,0,0,1,0
10.1371/journal.ppat.1009785,0,0,0,1
10.1097/qai.0000000000002913,0,0,1,0
10.1177/2381336917718500,0,0,1,0
10.1177/075910639504800105,0,0,1,0
10.58680/la201930235,0,0,1,0
10.1177/2381336918787187,0,0,1,0
10.5070/b88134957,1,0,0,0
10.1016/s0002-8223(21)40189-6,0,0,1,0
10.1109/mper.1992.156041,0,0,1,0
10.1177/2381336917719845,0,0,1,0
10.1016/j.jwb.2019.101015,0,0,1,0
10.1177/0001839216674457,0,0,1,0
10.1108/imr-10-2014-0317,0,0,1,0
10.1509/jim.16.0070,0,0,1,0
10.1057/s41267-016-0048-6,0,0,1,0
10.1016/j.joep.2022.102504,0,0,1,0
10.1108/jkm-07-2020-0501,0,0,1,0
10.1016/j.indmarman.2007.06.011,0,0,1,0
10.1509/jim.16.0052,0,0,1,0
10.1080/19359705.2017.1402842,0,0,1,0
10.1080/15313204.2020.1870602,0,0,1,0
10.1037/prj0000558,0,0,1,0
10.4102/phcfm.v11i1.2095,0,0,0,1
10.1007/s11005-020-01323-8,0,0,1,0
10.1007/s00220-019-03372-0,0,0,1,0
10.4310/ajm.2017.v21.n5.a6,1,0,0,0
10.3390/sym10100443,0,0,0,1
10.1002/mana.202200197,0,0,1,0
10.1007/s00220-022-04374-1,0,0,1,0
10.1007/s40687-021-00293-0,0,0,1,0
10.1002/ijch.201700050,0,0,1,0
10.1055/s-0040-1705992,0,0,1,0
10.1039/d0ob01782e,0,0,1,0
10.1039/d1ra05788j,0,0,0,1
10.1016/j.catcom.2017.12.014,0,0,0,1
10.3390/molecules28062729,0,0,0,1
10.1016/j.molcata.2015.06.009,0,0,1,0
10.1016/j.jnma.2021.06.002,0,0,1,0
10.1080/10646175.2019.1670294,0,0,1,0
10.9734/csji/2019/v27i430119,1,0,0,0
10.1080/10610278.2016.1192170,0,0,1,0
10.1039/c8ra07641c,0,0,0,1
10.1016/j.bmc.2016.04.058,0,0,1,0
10.14218/jerp.2016.00025,1,0,0,0
10.2174/1385272819666150618195919,0,0,1,0
10.1016/j.ica.2017.05.019,0,0,1,0
10.1039/c4ra15217d,0,0,0,1
10.1016/j.ccr.2020.213264,0,0,1,0
10.1080/00958972.2021.1878352,0,0,1,0
10.1177/0275074020942063,0,0,1,0
10.1080/15381501.2019.1580236,0,0,1,0
10.1353/cpr.2020.0014,1,0,0,0
10.1080/00224499.2017.1304519,0,0,1,0
10.1177/0886260518790603,0,0,1,0
10.1002/jts.22105,0,0,1,0
10.1080/00224499.2016.1269307,0,0,1,0
10.1080/00224499.2016.1146651,0,0,1,0
10.1037/tra0000047,0,0,1,0
10.3109/10826084.2015.978646,0,0,1,0
10.1007/s10940-012-9184-8,0,0,1,0
10.1111/jasp.12730,0,0,1,0
10.5334/jopd.48,0,0,0,1
10.3141/2584-08,0,0,1,0
10.1093/geront/gnx120,0,0,1,0
10.1093/geront/gnv218.04,0,0,1,0
10.1111/j.1532-5415.2010.02796.x,0,0,1,0
10.1177/0091415018757212,0,0,1,0
10.1080/01634372.2018.1433260,0,0,1,0
10.1111/jgs.14022,0,0,1,0
10.1093/geront/gnv218.03,0,0,1,0
10.1093/geront/gnv537.04,0,0,1,0
10.1016/j.jallcom.2018.03.345,0,0,1,0
10.1038/srep26056,0,0,0,1
10.1016/j.actamat.2022.118055,0,0,1,0
10.1017/lsi.2019.72,0,0,1,0
10.1177/1541204014547589,0,0,1,0
10.1111/1745-9133.12283,0,0,1,0
10.1177/0022427818817338,0,0,1,0
10.12968/cypn.2015.21.16,0,0,1,0
10.21428/cb6ab371.7cc08cab,1,0,0,0
10.1007/s10869-016-9460-y,0,0,1,0
10.1080/00223980.2014.979127,0,0,1,0
10.1108/lodj-03-2021-0137,0,0,1,0
10.1177/0032885515618467,0,0,1,0
10.1016/j.paid.2015.07.009,0,0,1,0
10.1017/iop.2016.17,0,0,1,0
10.1111/josh.12425,0,0,1,0
10.1007/bf03652735,0,0,1,0
10.1097/01.naj.0000470409.04919.0f,0,0,1,0
10.1039/c5tc90128f,0,0,1,0
10.1109/tem.2018.2836960,0,0,1,0
10.1016/j.pursup.2018.07.006,0,0,1,0
10.1080/00207543.2015.1058537,0,0,1,0
10.1504/ejie.2016.076385,0,0,1,0
10.1016/j.apm.2021.03.048,0,0,1,0
10.1016/j.cie.2019.03.044,0,0,1,0
10.1016/j.eswa.2020.114475,0,0,1,0
10.1109/tem.2016.2618764,0,0,1,0
10.1057/jors.2015.122,0,0,1,0
10.1016/j.jvacx.2023.100312,0,0,0,1
10.1504/ijism.2022.10042125,0,0,1,0
10.1016/j.jclepro.2020.124515,0,0,1,0
10.1016/j.cie.2020.106961,0,0,1,0
10.1016/j.omega.2021.102446,0,0,1,0
10.1080/00207543.2017.1355120,0,0,1,0
10.1016/j.jclepro.2020.122539,0,0,1,0
10.1186/s40488-019-0091-5,0,0,1,0
10.1016/j.endm.2018.11.010,0,0,1,0
10.1090/proc/15519,0,0,1,0
10.1016/j.ffa.2023.102211,0,0,1,0
10.1007/s10711-022-00711-9,0,0,1,0
10.1007/s40299-015-0236-3,0,0,1,0
10.2139/ssrn.2519266,0,0,1,0
10.1261/rna.049551.115,1,0,0,0
10.1146/annurev-anthro-041420-112543,0,1,0,0
10.1075/ijolc.00035.mil,0,0,1,0
10.1177/2165143418813912,0,0,1,0
10.1177/13623613221113501,0,0,1,0
10.1111/tsq.12116,0,0,1,0
10.1111/soc4.12413,0,0,1,0
10.1080/15367967.2012.658726,0,0,1,0
10.30535/mto.28.1.2,0,0,0,1
10.1556/6.2015.56.4.11,0,1,0,0
10.1016/j.jtcvs.2015.07.009,0,0,1,0
10.21061/jvs.v4i1.96,0,0,0,1
10.1016/j.nurpra.2020.04.023,0,0,1,0
10.1016/j.jen.2012.04.017,0,0,1,0
10.1016/j.jbankfin.2020.106027,0,0,1,0
10.1016/j.asieco.2023.101632,0,0,1,0
10.1016/j.asieco.2022.101458,0,0,1,0
10.1016/j.gfj.2021.100619,0,0,1,0
10.1016/j.frl.2021.102209,0,0,1,0
10.1016/j.najef.2015.04.003,0,0,1,0
10.1016/j.jfineco.2005.09.010,0,0,1,0
10.1111/fire.12095,0,0,1,0
10.1108/ijaim-05-2015-0027,0,0,1,0
10.1080/14697688.2018.1444554,0,0,1,0
10.1111/fire.12262,0,0,1,0
10.1016/j.iref.2017.01.005,0,0,1,0
10.1007/s11156-013-0429-x,0,0,1,0
10.1002/fut.22015,0,0,1,0
10.24135/afl.v11i1.536,0,0,0,1
10.1080/13504851.2017.1290766,0,0,1,0
10.1002/fut.21892,0,0,1,0
10.1080/13504851.2019.1588940,0,0,1,0
10.1002/fut.22115,0,0,1,0
10.1016/j.pacfin.2015.12.003,0,0,1,0
10.1016/j.iref.2020.06.038,0,0,1,0
10.1002/fut.22001,0,0,1,0
10.1016/j.finmar.2016.05.003,0,0,1,0
10.1080/00036846.2020.1761009,0,0,1,0
10.1002/fut.21652,0,0,1,0
10.1080/1540496x.2017.1377608,0,0,1,0
10.1080/13504851.2019.1688239,0,0,1,0
10.1111/irfi.12190,0,0,1,0
10.1016/j.ribaf.2017.07.159,0,0,1,0
10.1016/j.frl.2018.03.023,0,0,1,0
10.1016/j.jcomm.2020.100149,0,0,1,0
10.1016/j.pacfin.2022.101752,0,0,1,0
10.2139/ssrn.3867692,0,0,1,0
10.1016/j.pacfin.2023.102159,0,0,1,0
10.1016/j.frl.2022.102797,0,0,1,0
10.1111/psj.12152,0,0,1,0
10.1080/10999922.2016.1139523,0,0,1,0
10.1111/ssqu.13088,0,0,1,0
10.1017/s1049096521000809,0,0,1,0
10.1037/cep0000243,0,0,1,0
10.1177/1462474517734166,0,0,1,0
10.1080/01639625.2014.977187,0,0,1,0
10.1093/sf/sow097,0,0,1,0
10.2139/ssrn.2956789,0,0,1,0
10.2139/ssrn.2750276,0,0,1,0
10.1007/s10940-015-9265-6,0,0,1,0
10.3390/socsci7090164,0,0,0,1
10.1146/annurev-criminol-032317-091957,0,1,0,0
10.1177/0305735615610925,0,0,1,0
10.1111/eth.13096,0,0,1,0
10.3758/s13420-022-00528-2,0,0,1,0
10.1016/j.beproc.2021.104528,0,0,1,0
10.1086/704280,0,0,0,1
10.1093/beheco/ary140,0,0,1,0
10.1007/s10818-017-9261-z,0,0,1,0
10.1098/rsfs.2016.0149,0,0,1,0
10.1016/j.cobeha.2016.09.010,0,0,1,0
10.1016/j.cub.2016.03.009,0,0,1,0
10.1086/722235,0,0,0,1
10.1038/s41598-022-08093-4,0,0,0,1
10.1177/2158244015612524,0,0,0,1
10.1093/beheco/ary190,0,0,1,0
10.1016/j.anbehav.2018.05.024,0,0,1,0
10.1027/0269-8803/a000211,0,0,1,0
10.1007/s11145-018-9912-z,0,0,1,0
10.1002/dev.21583,0,0,1,0
10.1007/s10339-017-0793-x,0,0,1,0
10.1111/bioe.13162,0,0,1,0
10.1093/swr/svx012,0,0,1,0
10.1007/s40926-021-00169-x,0,0,1,0
10.1111/bioe.12373,0,0,1,0
10.1097/anc.0000000000000478,0,0,1,0
10.1097/jcn.0000000000000466,0,0,1,0
10.3390/ijerph19127549,1,0,0,0
10.1109/tuffc.2018.2867429,0,0,1,0
10.2460/javma.230.2.211,1,0,0,0
10.1177/1468798411401862,0,0,1,0
10.5070/l29128532,0,0,0,1
10.1007/s40865-015-0023-0,0,0,1,0
10.1007/s40865-018-0095-8,0,0,1,0
10.1007/s11121-021-01236-5,0,0,1,0
10.1080/0735648x.2018.1496846,0,0,1,0
10.1146/annurev-criminol-032317-092112,0,1,0,0
10.1080/07418825.2015.1016089,0,0,1,0
10.1177/0022146516646808,0,0,1,0
10.1177/0022427816632573,0,0,1,0
10.1145/3144592.3144595,0,0,1,0
10.1086/jce2015263231,0,0,0,1
10.1145/3173016,0,0,1,0
10.1109/mts.2017.2696600,0,0,1,0
10.1007/s11948-017-0006-0,0,0,1,0
10.1145/3072528,0,0,1,0
10.1145/3015149,0,0,1,0
10.1086/jce2016272154,0,0,0,1
10.1007/s13347-014-0158-7,0,0,1,0
10.1145/3043949,0,0,1,0
10.1145/2874239.2874257,0,0,1,0
10.1145/3024949.3024950,0,0,1,0
10.1109/mc.2022.3206840,0,0,1,0
10.1109/mc.2023.3268380,0,0,1,0
10.1109/mc.2020.3034950,0,0,1,0
10.1109/mc.2021.3115727,0,0,1,0
10.1109/mc.2020.3038516,0,0,1,0
10.1145/3108149,0,0,1,0
10.1007/s11948-020-00252-y,0,0,1,0
10.1007/s11948-016-9785-y,0,0,1,0
10.1080/10410236.2014.903222,0,0,1,0
10.1123/jpah.2014-0245,0,0,1,0
10.1016/j.nurpra.2016.07.023,0,0,1,0
10.1017/s1368980014003085,0,0,0,1
10.1007/s13361-017-1804-y,0,1,0,0
10.1016/j.ijms.2015.08.019,0,0,1,0
10.1007/s13361-016-1530-x,0,1,0,0
10.1007/s13361-016-1510-1,0,1,0,0
10.1016/j.ijms.2015.12.005,0,0,1,0
10.1007/s13361-018-1973-3,0,1,0,0
10.1039/c7cp04738j,0,0,1,0
10.1016/j.chroma.2016.10.005,0,0,1,0
10.5089/9781513518626.001,1,0,0,0
10.1093/rof/rfu016,0,0,1,0
10.1111/jmcb.12580,0,0,1,0
10.1016/j.econmod.2021.02.011,0,0,1,0
10.2139/ssrn.3750374,0,0,1,0
10.1016/j.eap.2023.08.020,0,0,1,0
10.2139/ssrn.4353141,0,0,1,0
10.1086/728088,0,0,0,1
10.2139/ssrn.4479503,0,0,1,0
10.18267/j.cebr.282,1,0,0,0
10.1080/00220973.2020.1848766,0,0,1,0
10.1177/0146167218795157,0,0,1,0
10.3389/fpsyg.2016.00008,0,0,0,1
10.1177/0361684317711412,0,0,1,0
10.3389/fpsyg.2015.01597,0,0,0,1
10.1187/cbe.16-01-0048,0,0,0,1
10.1002/jnr.24631,0,0,1,0
10.3389/fpsyg.2022.792756,0,0,0,1
10.1080/19312458.2022.2088713,0,0,1,0
10.1007/s10935-020-00585-1,0,0,1,0
10.1177/0739532917698444,0,0,1,0
10.1080/10410236.2017.1384350,0,0,1,0
10.1080/10810730.2023.2214097,0,0,1,0
10.1080/10410236.2015.1099501,0,0,1,0
10.1016/j.soscij.2019.06.001,0,0,1,0
10.1111/evo.13297,0,0,1,0
10.1002/ajb2.1276,0,0,1,0
10.1016/j.ympev.2016.12.011,0,0,1,0
10.1111/btp.12465,0,0,1,0
10.11646/phytotaxa.362.3.2,1,0,0,0
10.1146/annurev-ecolsys-110218-024804,0,1,0,0
10.1016/j.ympev.2020.106769,0,0,1,0
10.1111/nph.16482,0,0,1,0
10.1111/nph.16211,0,0,1,0
10.1111/mec.15575,0,0,1,0
10.1002/ecy.3845,0,0,1,0
10.1371/journal.pone.0136657,0,0,0,1
10.1600/036364415x689339,1,0,0,0
10.1093/aob/mcac046,0,0,1,0
10.1016/j.ympev.2021.107356,0,0,1,0
10.1002/smi.2741,0,0,1,0
10.1177/0886260517746945,0,0,1,0
10.5406/jappastud.21.1.0105,0,0,1,0
10.1016/j.jbusvent.2021.106127,0,0,1,0
10.18060/26586,0,0,0,1
10.1186/s40594-021-00275-2,0,0,0,1
10.1186/s40594-023-00408-9,0,0,0,1
10.1177/0891242420973758,0,0,1,0
10.1016/j.tate.2019.03.018,0,0,1,0
10.1177/0899764018783084,0,0,1,0
10.30707/jste57.1.1664998343.920643,1,0,0,0
10.1016/j.dib.2019.104182,0,0,0,1
10.1177/0891242420926576,0,0,1,0
10.2308/jltr-2021-010,1,0,0,0
10.1016/j.bushor.2020.10.003,0,0,1,0
10.46281/ijafr.v11i1.1770,1,0,0,0
10.2139/ssrn.3216124,0,0,1,0
10.2308/atax-51812,1,0,0,0
10.2308/iace-51749,1,0,0,0
10.4018/ijhiot.2017010104,0,0,0,1
10.1504/ijsmarttl.2019.10019320,0,0,1,0
10.1177/2042753016672130,0,0,1,0
10.1504/ijipsi.2018.10013213,0,0,1,0
10.1177/2158244015621114,0,0,0,1
10.1504/ijns.2016.077218,0,0,1,0
10.1016/j.leaqua.2021.101544,0,0,1,0
10.5465/ambpp.2016.16755abstract,0,0,1,0
10.1016/j.jbusres.2022.01.073,0,0,1,0
10.5951/mtlt.2020.0078,1,0,0,0
10.1080/15538605.2015.1029205,0,0,1,0
10.3389/fpsyg.2016.01776,0,0,0,1
10.1097/naq.0000000000000225,0,0,1,0
10.1111/jnu.12198,0,0,1,0
10.1097/naq.0000000000000226,0,0,1,0
10.1111/j.1744-6198.2007.00087.x,0,0,1,0
10.1016/j.profnurs.2004.07.003,0,0,1,0
10.1111/jnu.12338,0,0,1,0
10.1017/dmp.2017.10,0,0,1,0
10.1111/jnu.12328,0,0,1,0
10.1128/jb.00385-19,0,0,1,0
10.1128/mbio.01519-19,0,0,0,1
10.1128/ecosalplus.esp-0010-2022,0,0,1,0
10.1093/gbe/evab082,0,0,0,1
10.1371/journal.pone.0161837,0,0,0,1
10.1073/pnas.1810949115,0,0,1,0
10.1371/journal.pone.0174345,0,0,0,1
10.1093/molbev/msw035,0,0,0,1
10.1056/nejme1601117,0,0,0,1
10.1109/mcom.001.2000237,0,0,1,0
10.1109/tmc.2021.3068632,0,0,1,0
10.1109/jiot.2018.2878154,0,0,1,0
10.1109/access.2019.2902882,0,0,0,1
10.1109/tnse.2020.3015689,0,0,1,0
10.23919/jcc.fa.2021-0792.202308,0,0,1,0
10.1145/3284387,0,0,1,0
10.1109/access.2016.2514898,0,0,0,1
10.1109/jiot.2017.2767608,0,0,1,0
10.1007/s10940-016-9336-3,0,0,1,0
10.1111/1745-9125.12010,0,0,1,0
10.1111/1745-9125.12111,0,0,1,0
10.1111/1745-9125.12154,0,0,1,0
10.1037/h0093990,0,0,1,0
10.1177/0022427816644944,0,0,1,0
10.1016/j.geoforum.2017.03.029,0,0,1,0
10.1016/j.adolescence.2020.05.005,0,0,1,0
10.1080/15562948.2021.1980641,0,0,1,0
10.1016/j.ijintrel.2021.07.003,0,0,1,0
10.1016/j.childyouth.2018.06.001,0,0,1,0
10.1007/s10597-022-00958-2,0,0,1,0
10.1177/0192513x211001430,0,0,1,0
10.1080/13876988.2023.2204472,0,0,1,0
10.1097/htr.0000000000000254,0,0,1,0
10.1080/02699052.2016.1222080,0,0,1,0
10.1007/s11682-015-9444-y,0,0,1,0
10.1080/02699052.2016.1219063,0,0,1,0
10.1007/s11682-015-9445-x,0,0,1,0
10.1007/s00415-016-8236-7,0,0,1,0
10.1007/s11682-015-9440-2,0,0,1,0
10.1007/s11682-015-9402-8,0,0,1,0
10.1021/cen-v022n018.p1544,0,1,0,0
10.1007/s11229-014-0531-1,0,0,1,0
10.1111/phc3.12320,0,0,1,0
10.1086/722123,0,0,0,1
10.1515/phhumyb-2020-0007,0,0,0,1
10.1007/s11019-008-9130-6,0,0,1,0
10.5840/eip2022559,1,0,0,0
10.2139/ssrn.4029204,0,0,1,0
10.5195/ie.2020.132,0,0,0,1
10.17086/jts.2019.43.5.153.182,1,0,0,0
10.1086/686223,0,0,0,1
10.1177/0271121419843995,0,0,1,0
10.1177/0890334421999304,0,0,1,0
10.3102/0091732x16687522,1,0,0,0
10.1287/deca.2022.0461,0,0,1,0
10.1287/deca.2021.0438,0,0,1,0
10.1016/j.ejor.2022.12.038,0,0,1,0
10.1016/j.jmsy.2015.02.004,0,0,1,0
10.1016/j.ejor.2020.05.057,0,0,1,0
10.1109/jsyst.2016.2602562,0,0,1,0
10.1109/jsyst.2014.2315192,0,0,1,0
10.1287/inte.2022.1138,0,0,1,0
10.1007/s10643-015-0740-3,0,0,1,0
10.1016/j.bandl.2011.11.003,0,0,1,0
10.1097/01.numa.0000414861.23761.6e,0,0,1,0
10.1080/01612840.2019.1615584,0,0,1,0
10.1177/1078390318784360,0,0,1,0
10.1016/j.pmn.2018.05.001,0,0,1,0
10.1177/1049732316689067,0,0,1,0
10.1111/jnu.12250,0,0,1,0
10.1542/peds.2014-0549,1,0,0,0
10.1111/jnu.12149,0,0,1,0
10.1111/j.1552-6909.2011.01304.x,0,0,1,0
10.1016/j.apnu.2015.02.001,0,0,1,0
10.7748/nr.2016.e1433,0,0,1,0
10.1097/00124784-200301000-00004,0,0,1,0
10.1097/jan.0000000000000207,0,0,1,0
10.1186/s12912-017-0232-4,0,0,0,1
10.1016/j.jogn.2015.12.004,0,0,1,0
10.1177/0145721713504471,0,0,1,0
10.1177/1049732316668298,0,0,1,0
10.2458/jcrae.4802,1,0,0,0
10.1016/j.amc.2015.12.036,0,0,1,0
10.1186/s13660-017-1354-7,0,0,0,1
10.1016/j.jaac.2018.07.905,0,0,1,0
10.1016/j.outlook.2018.10.005,0,0,1,0
10.1111/acer.13590,0,0,1,0
10.1177/0020872815603787,0,0,1,0
10.1016/j.childyouth.2022.106740,0,0,1,0
10.1007/s10560-021-00741-4,0,0,1,0
10.1080/26408066.2021.2001402,0,0,1,0
10.1002/brb3.1789,0,0,0,1
10.1097/jpn.0000000000000418,0,0,1,0
10.1177/1077801219832903,0,0,1,0
10.54111/0001/qq4,1,0,0,0
10.1177/1077801216658977,0,0,1,0
10.1093/bjsw/bcz146,0,0,1,0
10.1080/15575330.2020.1825502,0,0,1,0
10.1111/ssqu.12688,0,0,1,0
10.3390/children9040495,0,0,0,1
10.1093/sw/swad018,0,0,1,0
10.1080/15575330.2021.1943697,0,0,1,0
10.1177/0093854820928568,0,0,1,0
10.1080/14036096.2019.1633399,0,0,1,0
10.1080/10911359.2022.2083742,0,0,1,0
10.1097/cnj.0000000000000950,0,0,1,0
10.3928/01484834-20190819-10,1,0,0,0
10.1093/abm/kaab068,0,0,1,0
10.1111/deci.12214,0,0,1,0
10.1080/0740817x.2015.1110649,0,0,1,0
10.1287/msom.2015.0526,0,0,1,0
10.1111/poms.12720,0,0,1,0
10.1111/poms.13718,0,0,1,0
10.1080/24725854.2019.1670370,0,0,1,0
10.1111/jssr.12332,0,0,1,0
10.1002/oa.2575,0,0,1,0
10.1007/s12520-021-01485-z,0,0,1,0
10.1177/03075133221130089,0,0,1,0
10.2218/ijdc.v15i1.699,0,0,0,1
10.1016/j.ijpp.2022.06.005,0,0,1,0
10.4000/baefe.996,1,0,0,0
10.1086/679412,0,0,0,1
10.4000/bifao.296,1,0,0,0
10.1017/aap.2018.2,0,0,1,0
10.1177/0891243218759006,0,0,1,0
10.1111/1745-9125.12068,0,0,1,0
10.1108/ijlm-06-2018-0150,0,0,1,0
10.1111/jbl.12323,0,0,1,0
10.1108/ijlm-10-2022-0415,0,0,1,0
10.1108/09600030010351462,0,0,1,0
10.1080/1358684x.2022.2042673,0,0,1,0
10.58680/vm202131428,0,0,1,0
10.1080/02568543.2021.1900714,0,0,1,0
10.58680/ee201930189,0,0,1,0
10.1002/jaal.1067,0,0,1,0
10.1080/19388071.2022.2154084,0,0,1,0
10.1080/10476210.2018.1506431,0,0,1,0
10.1016/j.tate.2017.03.011,0,0,1,0
10.1080/1547688x.2022.2096948,0,0,1,0
10.1080/10573569.2015.1059780,0,0,1,0
10.1016/j.ijer.2020.101629,0,0,1,0
10.1002/jaal.577,0,0,1,0
10.1108/etpc-07-2019-0092,0,0,1,0
10.33682/myf5-zgtb,1,0,0,0
10.1007/s11145-018-9839-4,0,0,1,0
10.1177/2381336915617609,0,0,1,0
10.1038/s41562-021-01214-5,0,0,1,0
10.1002/jaba.520,0,0,1,0
10.1007/s40616-020-00141-2,0,0,1,0
10.1080/20473869.2016.1176308,0,0,1,0
10.1002/jaba.306,0,0,1,0
10.1007/s40617-018-00280-y,0,0,1,0
10.1007/s40616-018-0099-9,0,0,1,0
10.1007/s42822-021-00050-6,0,0,1,0
10.12957/pr.2019.38666,1,0,0,0
10.47677/gluks.v20i1.173,0,0,0,1
10.1590/1984-6398202016853,0,0,0,1
10.3233/jvr-170883,0,0,1,0
10.1177/1044207317739401,0,0,1,0
10.1080/09638288.2021.1938249,0,0,1,0
10.1177/0022466920950331,0,0,1,0
10.3233/jvr-191019,0,0,1,0
10.1177/0014402918792899,0,0,1,0
10.1177/2165143418781303,0,0,1,0
10.1177/1540796917751134,0,0,1,0
10.1352/1944-7558-121.5.398,1,0,0,0
10.1007/s11089-017-0770-4,0,0,1,0
10.1177/1044207317739408,0,0,1,0
10.1177/07419325211063485,0,0,1,0
10.1177/1044207320949962,0,0,1,0
10.1007/s40688-021-00399-w,0,0,1,0
10.1108/jdal-07-2019-0012,0,0,0,1
10.3390/app9204361,0,0,0,1
10.1016/j.asoc.2022.108439,0,0,1,0
10.1016/j.comnet.2019.106950,0,0,1,0
10.1109/access.2019.2947454,0,0,0,1
10.1109/tcc.2018.2828809,0,0,1,0
10.1109/mnet.011.2000180,0,0,1,0
10.1109/mcom.2015.7180509,0,0,1,0
10.1109/mnet.011.2000169,0,0,1,0
10.1177/2381336917718501,0,0,1,0
10.1177/1086296x19833575,0,0,1,0
10.1177/1540796920953826,0,0,1,0
10.1111/jar.12673,0,0,1,0
10.1177/17446295221104621,0,0,1,0
10.1080/20473869.2022.2046441,0,0,1,0
10.1177/0741932519835926,0,0,1,0
10.1177/1044207317739407,0,0,1,0
10.1177/0921374020934502,0,0,1,0
10.1111/1745-9125.12275,0,0,1,0
10.1177/1362480620984233,0,0,1,0
10.1007/s00146-022-01440-z,0,0,1,0
10.2105/ajph.2019.305425,1,0,0,0
10.1080/07418825.2018.1523448,0,0,1,0
10.1080/17526272.2018.1558536,0,0,1,0
10.1177/0011128719881600,0,0,1,0
10.2105/ajph.2020.305707,1,0,0,0
10.1177/2153368716648461,0,0,1,0
10.1111/1745-9125.12257,0,0,1,0
10.1093/socpro/spab044,0,0,1,0
10.1093/socpro/spac031,0,0,1,0
10.1002/mar.20946,0,0,1,0
10.1016/j.dss.2022.113815,0,0,1,0
10.1093/jamia/ocy109,0,0,1,0
10.1007/s12646-017-0408-8,0,0,1,0
10.1177/0951484817727130,0,0,1,0
10.1108/ijhcqa-05-2018-0131,0,0,1,0
10.1007/s10552-021-01544-9,0,0,1,0
10.1007/s10995-018-2631-x,0,0,1,0
10.1177/0890117116668453,0,0,1,0
10.1111/cch.12418,0,0,1,0
10.1177/1524839915622196,0,0,1,0
10.1080/08965803.2022.2107155,0,0,1,0
10.1016/j.frl.2021.102058,0,0,1,0
10.1080/10835547.2016.12089986,0,0,1,0
10.1080/10835547.2022.2078531,0,0,1,0
10.1016/j.irfa.2023.102506,0,0,1,0
10.1111/1540-6229.12256,0,0,1,0
10.22300/0896-5803.41.4.639,0,0,1,0
10.1007/s11146-017-9607-2,0,0,1,0
10.1111/jbfa.12129,0,0,1,0
10.1111/jfir.12276,0,0,1,0
10.1016/j.pacfin.2022.101775,0,0,1,0
10.1016/j.tre.2022.102736,0,0,1,0
10.1287/trsc.2019.0936,0,0,1,0
10.1177/0361198120911922,0,0,1,0
10.1016/j.tra.2020.04.002,0,0,1,0
10.1287/inte.2017.0929,0,0,1,0
10.1016/j.trd.2016.10.013,0,0,1,0
10.1177/1359105320963210,0,0,1,0
10.1177/1078087416636483,0,0,1,0
10.1002/smi.2933,0,0,1,0
10.1016/j.lana.2022.100214,0,0,0,1
10.33423/jlae.v18i1.4000,1,0,0,0
10.33423/jlae.v16i2.2018,1,0,0,0
10.33423/jlae.v15i2.643,1,0,0,0
10.5430/ijba.v8n6p1,1,0,0,0
10.33423/jlae.v15i1.635,1,0,0,0
10.33423/ajm.v19i3.2187,1,0,0,0
10.5430/ijba.v8n5p28,1,0,0,0
10.33423/jlae.v19i1.4992,1,0,0,0
10.1002/icd.2170,0,0,1,0
10.1016/j.jecp.2019.01.006,0,0,1,0
10.1177/0165025418780360,0,0,1,0
10.3758/s13423-018-1476-z,0,0,1,0
10.1016/j.jecp.2016.03.005,0,0,1,0
10.3758/s13423-015-0902-8,0,0,1,0
10.1016/j.jecp.2017.08.004,0,0,1,0
10.1016/j.infbeh.2017.10.007,0,0,1,0
10.1093/asj/sjab434,0,0,1,0
10.1111/infa.12177,0,0,1,0
10.1111/infa.12483,0,0,1,0
10.1016/j.jecp.2016.08.006,0,0,1,0
10.1080/13506285.2018.1553811,0,0,1,0
10.1111/cdep.12162,0,0,1,0
10.1111/infa.12275,0,0,1,0
10.1016/j.omega.2017.08.001,0,0,1,0
10.1080/24725854.2018.1446105,0,0,1,0
10.1111/itor.12590,0,0,1,0
10.1016/j.ejor.2019.11.025,0,0,1,0
10.1002/jcpy.1235,0,0,1,0
10.1080/14754835.2020.1758551,0,0,1,0
10.1093/jogss/ogz070,0,0,1,0
10.3390/socsci12030121,0,0,0,1
10.2139/ssrn.3541449,0,0,1,0
10.2139/ssrn.4018642,0,0,1,0
10.1002/jae.2995,0,0,1,0
10.1016/j.jimonfin.2023.102875,0,0,1,0
10.2139/ssrn.3296110,0,0,1,0
10.1111/gwao.12365,0,0,1,0
10.1093/socpro/spab057,0,0,1,0
10.1007/s11133-018-9374-2,0,0,1,0
10.18666/jnel-2022-10802,1,0,0,0
10.1111/joca.12467,0,0,1,0
10.1080/00913367.2019.1689872,0,0,1,0
10.1002/jclp.22331,0,0,1,0
10.1089/tmj.2019.0124,0,0,1,0
10.1186/s40359-016-0117-4,0,0,0,1
10.1016/j.jad.2020.03.053,0,0,1,0
10.1176/appi.psychotherapy.2015.69.2.97,0,0,1,0
10.1111/sltb.12526,0,0,1,0
10.1007/s10508-019-01577-x,0,0,1,0
10.1016/j.brat.2018.02.002,0,0,1,0
10.1007/s11121-019-01005-5,0,0,1,0
10.1016/j.jpsychires.2018.11.026,0,0,1,0
10.1089/tmj.2015.0129,0,0,1,0
10.1016/j.jad.2018.02.053,0,0,1,0
10.1007/s00127-021-02151-4,0,0,1,0
10.1016/j.jpain.2021.10.003,0,0,1,0
10.1176/appi.ajp.2019.19090905,0,0,1,0
10.1136/bmjopen-2020-041745,0,0,0,1
10.1089/tmj.2021.0124,0,0,1,0
10.1002/jclp.23251,0,0,1,0
10.1016/j.jpsychires.2019.12.003,0,0,1,0
10.1007/s40501-021-00242-2,0,0,1,0
10.2196/27018,0,0,0,1
10.1186/s40479-021-00167-5,0,0,0,1
10.1080/00332747.2020.1794191,0,0,1,0
10.1002/jclp.22960,0,0,1,0
10.1186/s40479-020-00127-5,0,0,0,1
10.1002/jclp.22207,0,0,1,0
10.2196/resprot.7767,0,0,0,1
10.1016/j.brat.2015.12.013,0,0,1,0
10.1016/j.jpsychires.2020.01.009,0,0,1,0
10.1111/sltb.12356,0,0,1,0
10.1111/sltb.12602,0,0,1,0
10.1177/15407969221093378,0,0,1,0
10.1177/14707853211052177,0,0,1,0
10.22371/tces/0013,1,0,0,0
10.7290/tsc04k3n1,1,0,0,0
10.5590/jerap.2023.13.1.01,1,0,0,0
10.1177/08897077231186213,0,0,1,0
10.1080/17538068.2022.2026054,0,0,1,0
10.1177/0093854818789723,0,0,1,0
10.1007/s10940-020-09455-9,0,0,1,0
10.1038/s41562-019-0772-6,0,0,1,0
10.1177/15412040211061270,0,0,1,0
10.1080/0735648x.2021.1997788,0,0,1,0
10.1007/s10940-017-9340-2,0,0,1,0
10.1007/s40865-018-0085-x,0,0,1,0
10.1007/s10940-020-09452-y,0,0,1,0
10.1080/07418825.2014.908937,0,0,1,0
10.1177/0272431614566948,0,0,1,0
10.1080/1478601x.2014.1000005,0,0,1,0
10.1111/1745-9133.12286,0,0,1,0
10.1177/00111287221117479,0,0,1,0
10.1177/08874034211014927,0,0,1,0
10.1080/10538712.2021.1955791,0,0,1,0
10.1080/24732850.2022.2026856,0,0,1,0
10.1080/23322705.2020.1804782,0,0,1,0
10.1016/j.childyouth.2020.105838,0,0,1,0
10.1080/0735648x.2014.965588,0,0,1,0
10.2105/ajph.2019.305203,1,0,0,0
10.1177/0011128716629757,0,0,1,0
10.1080/15564886.2016.1208131,0,0,1,0
10.1177/0887403414564464,0,0,1,0
10.1007/s40865-015-0003-4,0,0,1,0
10.1080/0735648x.2015.1133505,0,0,1,0
10.1177/0022427815627313,0,0,1,0
10.1177/14624745221128102,0,0,1,0
10.3390/ijerph192316298,1,0,0,0
10.3390/polym14163355,0,0,0,1
10.1037/trm0000360,0,0,1,0
10.1002/jts.22513,0,0,1,0
10.1080/0167482x.2019.1619691,0,0,0,1
10.1177/0886260519860894,0,0,1,0
10.1002/jts.22277,0,0,1,0
10.1016/j.chiabu.2017.11.020,0,0,1,0
10.1177/0886260519829766,0,0,1,0
10.1007/s10826-022-02279-0,0,0,1,0
10.1037/tra0001308.supp,0,0,1,0
10.1176/appi.prcp.20190021,0,0,0,1
10.1159/000523667,0,0,1,0
10.1037/tra0001169,0,0,1,0
10.1177/15248380221093692,0,0,1,0
10.1016/j.chiabu.2021.105266,0,0,1,0
10.1002/jts.22698,0,0,1,0
10.1002/jts.22751,0,0,1,0
10.1080/08964289.2021.2006131,0,0,1,0
10.1177/1077559520971362,0,0,1,0
10.1016/j.chiabu.2019.104290,0,0,1,0
10.1177/0886260520958642,0,0,1,0
10.1891/vv-d-20-00027,0,0,1,0
10.1037/vio0000103,0,0,1,0
10.1093/jpepsy/jsu096,0,0,1,0
10.1007/s10826-015-0198-3,0,0,1,0
10.1037/tra0000410,0,0,1,0
10.1002/jts.22294,0,0,1,0
10.1037/tra0000344,0,0,1,0
10.1007/s40653-017-0198-0,0,0,1,0
10.1177/08862605221127188,0,0,1,0
10.1016/j.chiabu.2016.11.031,0,0,1,0
10.1037/tra0000143,0,0,1,0
10.1177/08862605221141930,0,0,1,0
10.1016/j.chiabu.2022.105937,0,0,1,0
10.1177/10105395221112833,0,0,1,0
10.1002/jts.22890,0,0,1,0
10.1016/j.chiabu.2022.105520,0,0,1,0
10.1002/jts.22713,0,0,1,0
10.1177/0886260521991883,0,0,1,0
10.1080/10538712.2021.1890295,0,0,1,0
10.1037/tra0001002,0,0,1,0
10.1177/0886260520929654,0,0,1,0
10.1002/jts.22572,0,0,1,0
10.1037/cfp0000189.supp,0,0,1,0
10.1080/10926771.2022.2051655,0,0,1,0
10.1037/tra0001100,0,0,1,0
10.1002/jts.22518,0,0,1,0
10.1016/j.chiabu.2019.104282,0,0,1,0
10.1177/1077559520927472,0,0,1,0
10.1002/jts.22398,0,0,1,0
10.1002/jts.22413,0,0,1,0
10.1177/1077559519874406,0,0,1,0
10.1016/j.ijpp.2021.01.001,0,0,1,0
10.1111/traa.12115,0,0,1,0
10.1016/j.pediatrneurol.2017.09.016,0,0,1,0
10.1007/s13365-015-0409-0,0,0,1,0
10.1093/arclin/acz034.22,0,0,1,0
10.1007/s11682-019-00144-1,0,0,1,0
10.1080/00043125.2022.2103356,0,0,1,0
10.1353/dss.2018.0003,1,0,0,0
10.1080/00952990.2019.1605372,0,0,1,0
10.1111/famp.12338,0,0,1,0
10.1016/j.jsat.2019.06.008,0,0,1,0
10.1016/j.jsat.2019.06.015,0,0,1,0
10.1016/j.amepre.2015.02.021,0,0,1,0
10.1093/milmed/usy171,0,0,1,0
10.1016/j.jms.2020.111349,0,0,1,0
10.3928/01484834-20201020-01,1,0,0,0
10.1080/03064220308537308,0,0,1,0
10.1016/j.jbusvent.2021.106142,0,0,1,0
10.1111/isj.12134,0,0,1,0
10.1177/030630701704200205,0,0,1,0
10.1016/j.jom.2016.07.006,0,0,1,0
10.1080/08911762.2022.2064385,0,0,1,0
10.3102/0013189x20932454,1,0,0,0
10.1007/s12129-019-09860-y,1,0,0,0
10.1016/j.drugalcdep.2019.107690,0,0,1,0
10.1080/08897077.2021.1876199,0,0,1,0
10.1212/wnl.0000000000001766,0,0,1,0
10.1186/s12954-021-00532-1,0,0,0,1
10.1037/rmh0000166,0,0,1,0
10.1080/08897077.2020.1867288,0,0,1,0
10.1186/s12954-020-00402-2,0,0,0,1
10.1177/0890117120927327,0,0,1,0
10.1177/0146167219843933,0,0,1,0
10.1093/ofid/ofab633,0,0,0,1
10.1016/j.jsat.2022.108747,0,0,1,0
10.1177/2167702616689780,0,0,1,0
10.1037/bul0000387,0,0,1,0
10.1111/acer.14768,0,0,1,0
10.5664/jcsm.9796,0,0,1,0
10.1037/adb0000747.supp,0,0,1,0
10.1016/j.cpr.2020.101888,0,0,1,0
10.1007/s00213-017-4727-1,0,0,1,0
10.1037/per0000237,0,0,1,0
10.1037/per0000456,0,0,1,0
10.1037/per0000175,0,0,1,0
10.1037/abn0000318,0,0,1,0
10.1097/psy.0000000000000728,0,0,1,0
10.1037/ccp0000647,0,0,1,0
10.1037/abn0000684,0,0,1,0
10.1037/ccp0000402,0,0,1,0
10.1016/j.drugalcdep.2020.108407,0,0,1,0
10.1037/per0000304,0,0,1,0
10.1521/pedi_2015_29_197,1,0,0,0
10.1111/add.13471,0,0,1,0
10.1016/j.brat.2021.103865,0,0,1,0
10.1111/add.15362,0,0,1,0
10.1016/j.addbeh.2022.107455,0,0,1,0
10.1080/00223891.2022.2047060,0,0,1,0
10.1037/pha0000602,0,0,1,0
10.1016/j.lana.2022.100419,0,0,0,1
10.1037/pha0000545.supp,0,0,1,0
10.1037/abn0000825,0,0,1,0
10.1016/j.drugalcdep.2021.109246,0,0,1,0
10.1007/s00213-021-05925-5,0,0,1,0
10.1177/2167702615616132,0,0,1,0
10.1177/2167702619841976,0,0,1,0
10.1037/adb0000588.supp,0,0,1,0
10.1177/2167702616677312,0,0,1,0
10.1080/10826084.2019.1639753,0,0,1,0
10.1177/1073191119851574,0,0,1,0
10.1016/j.drugalcdep.2020.107897,0,0,1,0
10.1007/s00213-019-05262-8,0,0,1,0
10.1186/s12859-017-1807-5,0,0,0,1
10.1093/bioinformatics/btx780,0,0,0,1
10.1002/prot.24829,0,0,1,0
10.1093/bioinformatics/btz593,0,0,0,1
10.1186/s12859-018-2032-6,0,0,0,1
10.1093/bioinformatics/btz679,0,0,0,1
10.1109/tcbb.2021.3115053,0,0,1,0
10.1186/s12985-018-1106-4,0,0,0,1
10.1093/bioinformatics/btac210,0,0,0,1
10.1371/journal.pone.0154973,0,0,0,1
10.1371/journal.pone.0194471,0,0,0,1
10.1093/bioinformatics/btx781,0,0,0,1
10.1186/s12859-016-1404-z,0,0,0,1
10.1186/s12859-017-1834-2,0,0,0,1
10.1002/prot.24924,0,0,1,0
10.2174/0929866522666150520145717,0,0,1,0
10.1002/prot.25405,0,0,1,0
10.1093/bioinformatics/btv235,0,0,0,1
10.3390/ijms22115553,0,0,0,1
10.1093/bioinformatics/btw694,0,0,0,1
10.1186/s12864-016-3210-4,0,0,0,1
10.1038/s41598-020-70181-0,0,0,0,1
10.1038/s41598-018-26812-8,0,0,0,1
10.1093/bioinformatics/btw067,0,0,0,1
10.1186/s12859-020-03938-z,0,0,0,1
10.1002/prot.25865,0,0,1,0
10.1016/j.ctarc.2021.100459,0,0,0,1
10.1177/15404153221116755,0,0,1,0
10.1007/s00520-018-4334-7,0,0,1,0
10.1007/s12609-020-00371-2,0,0,1,0
10.1080/2326716x.2023.2169892,0,0,1,0
10.1016/j.childyouth.2020.105198,0,0,1,0
10.1080/15401383.2021.1924096,0,0,1,0
10.1002/joec.12066,0,0,1,0
10.1037/str0000060,0,0,1,0
10.17744/mehc.41.2.06,1,0,0,0
10.1016/j.profnurs.2017.12.003,0,0,1,0
10.1016/j.nedt.2018.05.029,0,0,1,0
10.5430/jha.v6n4p1,1,0,0,0
10.1097/nne.0000000000000326,0,0,1,0
10.5430/jnep.v6n2p1,1,0,0,0
10.1177/1094428116689708,0,0,1,0
10.1891/1078-4535.24.2.110,0,0,1,0
10.1016/j.apnu.2022.07.026,0,0,1,0
10.1016/j.apnu.2023.01.001,0,0,1,0
10.1523/jneurosci.0296-15.2015,0,0,0,1
10.1007/s40865-015-0019-9,0,0,1,0
10.1177/0093854815609069,0,0,1,0
10.1177/1932202x221129972,0,0,1,0
10.3141/2585-06,0,0,1,0
10.11648/j.ijsspe.20180303.11,1,0,0,0
10.1186/s12970-017-0198-3,0,0,0,1
10.4314/ahs.v21i2.43,1,0,0,0
10.29011/2576-9596.100026,1,0,0,0
10.1007/s10566-020-09552-7,0,0,1,0
10.1177/1558866120927322,0,0,1,0
10.12691/ajssm-7-2-2,1,0,0,0
10.1080/10911359.2018.1433572,0,0,1,0
10.1080/15332640.2018.1511492,0,0,1,0
10.1080/07448481.2019.1583665,0,0,1,0
10.1007/s10597-014-9819-3,0,0,1,0
10.1177/1468017317743138,0,0,1,0
10.1080/1533256x.2017.1302883,0,0,1,0
10.1097/jxx.0000000000000361,0,0,1,0
10.55431/jco.2023.36.1-16,1,0,0,0
10.1080/15332640.2022.2050873,0,0,1,0
10.1111/acer.13380,0,0,1,0
10.1007/s10578-017-0750-z,0,0,1,0
10.1037/ort0000390,0,0,1,0
10.1186/s13722-023-00361-6,0,0,0,1
10.1080/02791072.2022.2079443,0,0,1,0
10.1007/s40653-021-00378-6,0,0,1,0
10.1186/s12954-023-00734-9,0,0,0,1
10.1097/adm.0000000000001113,0,0,1,0
10.1037/adb0000756,0,0,1,0
10.1037/pha0000474,0,0,1,0
10.1080/15332640.2018.1520174,0,0,1,0
10.1080/10826084.2016.1268629,0,0,1,0
10.1016/j.addbeh.2016.02.014,0,0,1,0
10.1016/j.addbeh.2020.106356,0,0,1,0
10.1016/j.addbeh.2016.12.005,0,0,1,0
10.1007/s10964-016-0605-0,0,0,1,0
10.1007/s40429-018-0220-0,0,0,1,0
10.1080/00952990.2018.1558450,0,0,1,0
10.1037/ort0000400,0,0,1,0
10.1111/ajad.12831,0,0,1,0
10.1007/s10826-018-1268-0,0,0,1,0
10.1080/10826084.2018.1512625,0,0,1,0
10.1037/adb0000690,0,0,1,0
10.1007/s10508-019-01609-6,0,0,1,0
10.1016/j.drugalcdep.2017.06.026,0,0,1,0
